timestamp_utc,price_yes,price_no
2025-07-01 14:40:06+00:00,0.5,0.5
2025-07-01 14:50:06+00:00,0.5,0.5
2025-07-01 15:00:07+00:00,0.5,0.5
2025-07-01 15:10:06+00:00,0.5,0.5
2025-07-01 15:20:07+00:00,0.5,0.5
2025-07-01 15:30:07+00:00,0.5,0.5
2025-07-01 15:40:07+00:00,0.5,0.5
2025-07-01 15:50:07+00:00,0.5,0.5
2025-07-01 16:00:06+00:00,0.5,0.5
2025-07-01 16:10:07+00:00,0.5,0.5
2025-07-01 16:20:07+00:00,0.5,0.5
2025-07-01 16:30:07+00:00,0.5,0.5
2025-07-01 16:40:08+00:00,0.5,0.5
2025-07-01 16:50:06+00:00,0.5,0.5
2025-07-01 17:00:07+00:00,0.5,0.5
2025-07-01 17:10:07+00:00,0.505,0.495
2025-07-01 17:20:07+00:00,0.505,0.495
2025-07-01 17:30:07+00:00,0.505,0.495
2025-07-01 17:40:06+00:00,0.505,0.495
2025-07-01 17:50:06+00:00,0.505,0.495
2025-07-01 18:00:07+00:00,0.505,0.495
2025-07-01 18:10:07+00:00,0.505,0.495
2025-07-01 18:20:07+00:00,0.505,0.495
2025-07-01 18:30:06+00:00,0.505,0.495
2025-07-01 18:40:06+00:00,0.475,0.525
2025-07-01 18:50:07+00:00,0.465,0.535
2025-07-01 19:00:07+00:00,0.465,0.535
2025-07-01 19:10:08+00:00,0.46,0.54
2025-07-01 19:20:07+00:00,0.46,0.54
2025-07-01 19:30:07+00:00,0.435,0.565
2025-07-01 19:40:08+00:00,0.425,0.575
2025-07-01 19:50:07+00:00,0.41,0.59
2025-07-01 20:00:08+00:00,0.43,0.57
2025-07-01 20:10:07+00:00,0.42,0.58
2025-07-01 20:20:09+00:00,0.405,0.595
2025-07-01 20:30:08+00:00,0.39,0.61
2025-07-01 20:40:08+00:00,0.04,0.96
2025-07-01 20:50:08+00:00,0.0325,0.9675
2025-07-01 21:00:08+00:00,0.1155,0.8845
2025-07-01 21:10:08+00:00,0.0255,0.9745
2025-07-01 21:20:08+00:00,0.0255,0.9745
2025-07-01 21:30:08+00:00,0.0285,0.9715
2025-07-01 21:40:07+00:00,0.0235,0.9765
2025-07-01 21:50:07+00:00,0.0235,0.9765
2025-07-01 22:00:08+00:00,0.0375,0.9625
2025-07-01 22:10:07+00:00,0.0375,0.9625
2025-07-01 22:20:08+00:00,0.0325,0.9675
2025-07-01 22:30:08+00:00,0.0325,0.9675
2025-07-01 22:40:07+00:00,0.0335,0.9665
2025-07-01 22:50:07+00:00,0.03,0.97
2025-07-01 23:00:08+00:00,0.03,0.97
2025-07-01 23:10:07+00:00,0.025,0.975
2025-07-01 23:20:08+00:00,0.025,0.975
2025-07-01 23:30:08+00:00,0.03,0.97
2025-07-01 23:40:07+00:00,0.03,0.97
2025-07-01 23:50:07+00:00,0.03,0.97
2025-07-02 00:00:07+00:00,0.025,0.975
2025-07-02 00:10:08+00:00,0.0255,0.9745
2025-07-02 00:20:07+00:00,0.0305,0.9695
2025-07-02 00:30:07+00:00,0.03,0.97
2025-07-02 00:40:07+00:00,0.039,0.961
2025-07-02 00:50:08+00:00,0.039,0.961
2025-07-02 01:00:08+00:00,0.039,0.961
2025-07-02 01:10:07+00:00,0.039,0.961
2025-07-02 01:20:08+00:00,0.039,0.961
2025-07-02 01:30:07+00:00,0.0335,0.9665
2025-07-02 01:40:07+00:00,0.0265,0.9735
2025-07-02 01:50:07+00:00,0.026,0.974
2025-07-02 02:00:07+00:00,0.026,0.974
2025-07-02 02:10:08+00:00,0.026,0.974
2025-07-02 02:20:07+00:00,0.0165,0.9835
2025-07-02 02:30:07+00:00,0.0165,0.9835
2025-07-02 02:40:07+00:00,0.0165,0.9835
2025-07-02 02:50:08+00:00,0.0165,0.9835
2025-07-02 03:00:07+00:00,0.011,0.989
2025-07-02 03:10:08+00:00,0.011,0.989
2025-07-02 03:20:07+00:00,0.011,0.989
2025-07-02 03:30:08+00:00,0.011,0.989
2025-07-02 03:40:07+00:00,0.011,0.989
2025-07-02 03:50:07+00:00,0.011,0.989
2025-07-02 04:00:08+00:00,0.011,0.989
2025-07-02 04:10:07+00:00,0.011,0.989
2025-07-02 04:20:08+00:00,0.011,0.989
2025-07-02 04:30:07+00:00,0.011,0.989
2025-07-02 04:40:07+00:00,0.0105,0.9895
2025-07-02 04:50:08+00:00,0.0105,0.9895
2025-07-02 05:00:08+00:00,0.0105,0.9895
2025-07-02 05:10:07+00:00,0.0105,0.9895
2025-07-02 05:20:07+00:00,0.0105,0.9895
2025-07-02 05:30:07+00:00,0.0105,0.9895
2025-07-02 05:40:07+00:00,0.0105,0.9895
2025-07-02 05:50:07+00:00,0.0105,0.9895
2025-07-02 06:00:07+00:00,0.0105,0.9895
2025-07-02 06:10:07+00:00,0.0105,0.9895
2025-07-02 06:20:07+00:00,0.0105,0.9895
2025-07-02 06:30:07+00:00,0.0105,0.9895
2025-07-02 06:40:07+00:00,0.0105,0.9895
2025-07-02 06:50:07+00:00,0.0105,0.9895
2025-07-02 07:00:07+00:00,0.0105,0.9895
2025-07-02 07:10:07+00:00,0.011,0.989
2025-07-02 07:20:07+00:00,0.011,0.989
2025-07-02 07:30:07+00:00,0.011,0.989
2025-07-02 07:40:07+00:00,0.011,0.989
2025-07-02 07:50:07+00:00,0.011,0.989
2025-07-02 08:00:07+00:00,0.0085,0.9915
2025-07-02 08:10:07+00:00,0.0085,0.9915
2025-07-02 08:20:08+00:00,0.0085,0.9915
2025-07-02 08:30:07+00:00,0.0085,0.9915
2025-07-02 08:40:07+00:00,0.0085,0.9915
2025-07-02 08:50:07+00:00,0.0085,0.9915
2025-07-02 09:00:07+00:00,0.1305,0.8695
2025-07-02 09:10:06+00:00,0.0815,0.9185
2025-07-02 09:20:06+00:00,0.077,0.923
2025-07-02 09:30:08+00:00,0.075,0.925
2025-07-02 09:40:07+00:00,0.0905,0.9095
2025-07-02 09:50:07+00:00,0.1025,0.8975
2025-07-02 10:00:08+00:00,0.0755,0.9245
2025-07-02 10:10:08+00:00,0.0755,0.9245
2025-07-02 10:20:07+00:00,0.0715,0.9285
2025-07-02 10:30:07+00:00,0.0705,0.9295
2025-07-02 10:40:07+00:00,0.075,0.925
2025-07-02 10:50:06+00:00,0.077,0.923
2025-07-02 11:00:07+00:00,0.1,0.9
2025-07-02 11:10:06+00:00,0.06,0.94
2025-07-02 11:20:07+00:00,0.075,0.925
2025-07-02 11:30:07+00:00,0.0645,0.9355
2025-07-02 11:40:07+00:00,0.061,0.939
2025-07-02 11:50:07+00:00,0.0755,0.9245
2025-07-02 12:00:07+00:00,0.0755,0.9245
2025-07-02 12:10:07+00:00,0.0695,0.9305
2025-07-02 12:20:08+00:00,0.0655,0.9345
2025-07-02 12:30:07+00:00,0.086,0.914
2025-07-02 12:40:07+00:00,0.0575,0.9425
2025-07-02 12:50:07+00:00,0.0505,0.9495
2025-07-02 13:00:07+00:00,0.083,0.917
2025-07-02 13:10:07+00:00,0.0735,0.9265
2025-07-02 13:20:07+00:00,0.0555,0.9445
2025-07-02 13:30:07+00:00,0.0555,0.9445
2025-07-02 13:40:07+00:00,0.0665,0.9335
2025-07-02 13:50:08+00:00,0.07,0.93
2025-07-02 14:00:07+00:00,0.0655,0.9345
2025-07-02 14:10:07+00:00,0.0605,0.9395
2025-07-02 14:20:07+00:00,0.0605,0.9395
2025-07-02 14:30:08+00:00,0.0605,0.9395
2025-07-02 14:40:08+00:00,0.0605,0.9395
2025-07-02 14:50:07+00:00,0.04,0.96
2025-07-02 15:00:07+00:00,0.045,0.955
2025-07-02 15:10:08+00:00,0.0935,0.9065
2025-07-02 15:20:07+00:00,0.0505,0.9495
2025-07-02 15:30:08+00:00,0.0915,0.9085
2025-07-02 15:40:08+00:00,0.053,0.947
2025-07-02 15:50:08+00:00,0.051,0.949
2025-07-02 16:00:08+00:00,0.0475,0.9525
2025-07-02 16:10:08+00:00,0.0475,0.9525
2025-07-02 16:20:07+00:00,0.046,0.954
2025-07-02 16:30:07+00:00,0.0885,0.9115
2025-07-02 16:40:08+00:00,0.046,0.954
2025-07-02 16:50:08+00:00,0.046,0.954
2025-07-02 17:00:08+00:00,0.0465,0.9535
2025-07-02 17:10:08+00:00,0.0535,0.9465
2025-07-02 17:20:07+00:00,0.041,0.959
2025-07-02 17:30:08+00:00,0.0465,0.9535
2025-07-02 17:40:07+00:00,0.045,0.955
2025-07-02 17:50:07+00:00,0.044,0.956
2025-07-02 18:00:07+00:00,0.091,0.909
2025-07-02 18:10:09+00:00,0.061,0.939
2025-07-02 18:20:08+00:00,0.057,0.943
2025-07-02 18:30:08+00:00,0.0715,0.9285
2025-07-02 18:40:08+00:00,0.0555,0.9445
2025-07-02 18:50:08+00:00,0.0565,0.9435
2025-07-02 19:00:08+00:00,0.0555,0.9445
2025-07-02 19:10:07+00:00,0.0565,0.9435
2025-07-02 19:20:08+00:00,0.056,0.944
2025-07-02 19:30:07+00:00,0.0555,0.9445
2025-07-02 19:40:08+00:00,0.0565,0.9435
2025-07-02 19:50:08+00:00,0.0805,0.9195
2025-07-02 20:00:08+00:00,0.056,0.944
2025-07-02 20:10:09+00:00,0.046,0.954
2025-07-02 20:20:08+00:00,0.046,0.954
2025-07-02 20:30:08+00:00,0.046,0.954
2025-07-02 20:40:08+00:00,0.046,0.954
2025-07-02 20:50:08+00:00,0.046,0.954
2025-07-02 21:00:08+00:00,0.046,0.954
2025-07-02 21:10:07+00:00,0.041,0.959
2025-07-02 21:20:07+00:00,0.041,0.959
2025-07-02 21:30:08+00:00,0.041,0.959
2025-07-02 21:40:07+00:00,0.041,0.959
2025-07-02 21:50:08+00:00,0.041,0.959
2025-07-02 22:00:07+00:00,0.041,0.959
2025-07-02 22:10:08+00:00,0.041,0.959
2025-07-02 22:20:07+00:00,0.041,0.959
2025-07-02 22:30:08+00:00,0.0415,0.9585
2025-07-02 22:40:08+00:00,0.0455,0.9545
2025-07-02 22:50:09+00:00,0.0455,0.9545
2025-07-02 23:00:08+00:00,0.0455,0.9545
2025-07-02 23:10:08+00:00,0.041,0.959
2025-07-02 23:20:08+00:00,0.041,0.959
2025-07-02 23:30:08+00:00,0.026,0.974
2025-07-02 23:40:07+00:00,0.031,0.969
2025-07-02 23:50:08+00:00,0.031,0.969
2025-07-03 00:00:08+00:00,0.031,0.969
2025-07-03 00:10:07+00:00,0.031,0.969
2025-07-03 00:20:08+00:00,0.031,0.969
2025-07-03 00:30:08+00:00,0.0305,0.9695
2025-07-03 00:40:08+00:00,0.02,0.98
2025-07-03 00:50:08+00:00,0.02,0.98
2025-07-03 01:00:08+00:00,0.0195,0.9805
2025-07-03 01:10:07+00:00,0.0195,0.9805
2025-07-03 01:20:08+00:00,0.019,0.981
2025-07-03 01:30:08+00:00,0.019,0.981
2025-07-03 01:40:08+00:00,0.0195,0.9805
2025-07-03 01:50:08+00:00,0.02,0.98
2025-07-03 02:00:07+00:00,0.019,0.981
2025-07-03 02:10:08+00:00,0.024,0.976
2025-07-03 02:20:07+00:00,0.024,0.976
2025-07-03 02:30:08+00:00,0.0205,0.9795
2025-07-03 02:40:07+00:00,0.019,0.981
2025-07-03 02:50:08+00:00,0.0885,0.9115
2025-07-03 03:00:07+00:00,0.0775,0.9225
2025-07-03 03:10:07+00:00,0.0735,0.9265
2025-07-03 03:20:07+00:00,0.0615,0.9385
2025-07-03 03:30:07+00:00,0.0625,0.9375
2025-07-03 03:40:08+00:00,0.0555,0.9445
2025-07-03 03:50:08+00:00,0.054,0.946
2025-07-03 04:00:08+00:00,0.049,0.951
2025-07-03 04:10:08+00:00,0.0365,0.9635
2025-07-03 04:20:08+00:00,0.0255,0.9745
2025-07-03 04:30:08+00:00,0.0255,0.9745
2025-07-03 04:40:08+00:00,0.0255,0.9745
2025-07-03 04:50:07+00:00,0.0565,0.9435
2025-07-03 05:00:07+00:00,0.0575,0.9425
2025-07-03 05:10:08+00:00,0.057,0.943
2025-07-03 05:20:07+00:00,0.046,0.954
2025-07-03 05:30:07+00:00,0.046,0.954
2025-07-03 05:40:07+00:00,0.0455,0.9545
2025-07-03 05:50:07+00:00,0.0455,0.9545
2025-07-03 06:00:08+00:00,0.043,0.957
2025-07-03 06:10:08+00:00,0.042,0.958
2025-07-03 06:20:07+00:00,0.018,0.982
2025-07-03 06:30:08+00:00,0.0185,0.9815
2025-07-03 06:40:08+00:00,0.0185,0.9815
2025-07-03 06:50:07+00:00,0.0195,0.9805
2025-07-03 07:00:08+00:00,0.017,0.983
2025-07-03 07:10:07+00:00,0.0165,0.9835
2025-07-03 07:20:08+00:00,0.0165,0.9835
2025-07-03 07:30:07+00:00,0.0195,0.9805
2025-07-03 07:40:07+00:00,0.0275,0.9725
2025-07-03 07:50:07+00:00,0.0265,0.9735
2025-07-03 08:00:08+00:00,0.021,0.979
2025-07-03 08:10:07+00:00,0.021,0.979
2025-07-03 08:20:08+00:00,0.0165,0.9835
2025-07-03 08:30:08+00:00,0.0165,0.9835
2025-07-03 08:40:08+00:00,0.0155,0.9845
2025-07-03 08:50:07+00:00,0.0155,0.9845
2025-07-03 09:00:07+00:00,0.0155,0.9845
2025-07-03 09:10:08+00:00,0.015,0.985
2025-07-03 09:20:07+00:00,0.015,0.985
2025-07-03 09:30:08+00:00,0.0145,0.9855
2025-07-03 09:40:07+00:00,0.0145,0.9855
2025-07-03 09:50:07+00:00,0.0145,0.9855
2025-07-03 10:00:08+00:00,0.014,0.986
2025-07-03 10:10:07+00:00,0.014,0.986
2025-07-03 10:20:08+00:00,0.0135,0.9865
2025-07-03 10:30:07+00:00,0.0135,0.9865
2025-07-03 10:40:08+00:00,0.0135,0.9865
2025-07-03 10:50:08+00:00,0.0135,0.9865
2025-07-03 11:00:08+00:00,0.0135,0.9865
2025-07-03 11:10:08+00:00,0.0135,0.9865
2025-07-03 11:20:08+00:00,0.0135,0.9865
2025-07-03 11:30:07+00:00,0.0135,0.9865
2025-07-03 11:40:07+00:00,0.0135,0.9865
2025-07-03 11:50:07+00:00,0.0135,0.9865
2025-07-03 12:00:08+00:00,0.0135,0.9865
2025-07-03 12:10:07+00:00,0.0135,0.9865
2025-07-03 12:20:07+00:00,0.0135,0.9865
2025-07-03 12:30:07+00:00,0.0135,0.9865
2025-07-03 12:40:07+00:00,0.0135,0.9865
2025-07-03 12:50:07+00:00,0.0135,0.9865
2025-07-03 13:00:07+00:00,0.0135,0.9865
2025-07-03 13:10:07+00:00,0.0135,0.9865
2025-07-03 13:20:08+00:00,0.0135,0.9865
2025-07-03 13:30:07+00:00,0.014,0.986
2025-07-03 13:40:08+00:00,0.031,0.969
2025-07-03 13:50:08+00:00,0.027,0.973
2025-07-03 14:00:07+00:00,0.026,0.974
2025-07-03 14:10:07+00:00,0.0505,0.9495
2025-07-03 14:20:07+00:00,0.0505,0.9495
2025-07-03 14:30:07+00:00,0.0435,0.9565
2025-07-03 14:40:08+00:00,0.0355,0.9645
2025-07-03 14:50:08+00:00,0.0355,0.9645
2025-07-03 15:00:08+00:00,0.04,0.96
2025-07-03 15:10:07+00:00,0.036,0.964
2025-07-03 15:20:08+00:00,0.036,0.964
2025-07-03 15:30:07+00:00,0.0355,0.9645
2025-07-03 15:40:08+00:00,0.0355,0.9645
2025-07-03 15:50:07+00:00,0.04,0.96
2025-07-03 16:00:07+00:00,0.036,0.964
2025-07-03 16:10:08+00:00,0.0405,0.9595
2025-07-03 16:20:07+00:00,0.0405,0.9595
2025-07-03 16:30:07+00:00,0.0405,0.9595
2025-07-03 16:40:07+00:00,0.035,0.965
2025-07-03 16:50:08+00:00,0.0335,0.9665
2025-07-03 17:00:08+00:00,0.033,0.967
2025-07-03 17:10:08+00:00,0.0405,0.9595
2025-07-03 17:20:08+00:00,0.0405,0.9595
2025-07-03 17:30:08+00:00,0.0365,0.9635
2025-07-03 17:40:07+00:00,0.036,0.964
2025-07-03 17:50:07+00:00,0.036,0.964
2025-07-03 18:00:08+00:00,0.0355,0.9645
2025-07-03 18:10:08+00:00,0.0355,0.9645
2025-07-03 18:20:08+00:00,0.0355,0.9645
2025-07-03 18:30:07+00:00,0.036,0.964
2025-07-03 18:40:08+00:00,0.036,0.964
2025-07-03 18:50:08+00:00,0.0355,0.9645
2025-07-03 19:00:07+00:00,0.0305,0.9695
2025-07-03 19:10:07+00:00,0.035,0.965
2025-07-03 19:20:08+00:00,0.0305,0.9695
2025-07-03 19:30:08+00:00,0.0305,0.9695
2025-07-03 19:40:07+00:00,0.0335,0.9665
2025-07-03 19:50:08+00:00,0.03,0.97
2025-07-03 20:00:09+00:00,0.03,0.97
2025-07-03 20:10:07+00:00,0.045,0.955
2025-07-03 20:20:08+00:00,0.0405,0.9595
2025-07-03 20:30:08+00:00,0.0425,0.9575
2025-07-03 20:40:07+00:00,0.04,0.96
2025-07-03 20:50:07+00:00,0.04,0.96
2025-07-03 21:00:08+00:00,0.094,0.906
2025-07-03 21:10:07+00:00,0.0925,0.9075
2025-07-03 21:20:08+00:00,0.0665,0.9335
2025-07-03 21:30:08+00:00,0.0375,0.9625
2025-07-03 21:40:07+00:00,0.0305,0.9695
2025-07-03 21:50:07+00:00,0.025,0.975
2025-07-03 22:00:08+00:00,0.0145,0.9855
2025-07-03 22:10:08+00:00,0.0145,0.9855
2025-07-03 22:20:08+00:00,0.014,0.986
2025-07-03 22:30:08+00:00,0.014,0.986
2025-07-03 22:40:08+00:00,0.0135,0.9865
2025-07-03 22:50:07+00:00,0.0135,0.9865
2025-07-03 23:00:07+00:00,0.0135,0.9865
2025-07-03 23:10:08+00:00,0.0135,0.9865
2025-07-03 23:20:08+00:00,0.0135,0.9865
2025-07-03 23:30:07+00:00,0.0135,0.9865
2025-07-03 23:40:08+00:00,0.0135,0.9865
2025-07-03 23:50:07+00:00,0.0135,0.9865
2025-07-04 00:00:08+00:00,0.0135,0.9865
2025-07-04 00:10:07+00:00,0.0135,0.9865
2025-07-04 00:20:07+00:00,0.0135,0.9865
2025-07-04 00:30:08+00:00,0.0135,0.9865
2025-07-04 00:40:08+00:00,0.0135,0.9865
2025-07-04 00:50:07+00:00,0.0135,0.9865
2025-07-04 01:00:08+00:00,0.0135,0.9865
2025-07-04 01:10:07+00:00,0.0135,0.9865
2025-07-04 01:20:08+00:00,0.0135,0.9865
2025-07-04 01:30:08+00:00,0.0135,0.9865
2025-07-04 01:40:08+00:00,0.0135,0.9865
2025-07-04 01:50:07+00:00,0.0135,0.9865
2025-07-04 02:00:07+00:00,0.0135,0.9865
2025-07-04 02:10:08+00:00,0.0135,0.9865
2025-07-04 02:20:07+00:00,0.0135,0.9865
2025-07-04 02:30:08+00:00,0.0135,0.9865
2025-07-04 02:40:08+00:00,0.0135,0.9865
2025-07-04 02:50:07+00:00,0.0135,0.9865
2025-07-04 03:00:08+00:00,0.0135,0.9865
2025-07-04 03:10:08+00:00,0.0135,0.9865
2025-07-04 03:20:07+00:00,0.0135,0.9865
2025-07-04 03:30:08+00:00,0.0135,0.9865
2025-07-04 03:40:07+00:00,0.0135,0.9865
2025-07-04 03:50:07+00:00,0.0135,0.9865
2025-07-04 04:00:08+00:00,0.0135,0.9865
2025-07-04 04:10:07+00:00,0.0135,0.9865
2025-07-04 04:20:07+00:00,0.0135,0.9865
2025-07-04 04:30:08+00:00,0.0135,0.9865
2025-07-04 04:40:07+00:00,0.0135,0.9865
2025-07-04 04:50:07+00:00,0.0135,0.9865
2025-07-04 05:00:07+00:00,0.0135,0.9865
2025-07-04 05:10:06+00:00,0.0135,0.9865
2025-07-04 05:20:07+00:00,0.0135,0.9865
2025-07-04 05:30:07+00:00,0.0135,0.9865
2025-07-04 05:40:07+00:00,0.0135,0.9865
2025-07-04 05:50:07+00:00,0.0135,0.9865
2025-07-04 06:00:07+00:00,0.0135,0.9865
2025-07-04 06:10:08+00:00,0.0135,0.9865
2025-07-04 06:20:07+00:00,0.0135,0.9865
2025-07-04 06:30:07+00:00,0.0135,0.9865
2025-07-04 06:40:07+00:00,0.0135,0.9865
2025-07-04 06:50:07+00:00,0.0135,0.9865
2025-07-04 07:00:07+00:00,0.0135,0.9865
2025-07-04 07:10:07+00:00,0.0135,0.9865
2025-07-04 07:20:08+00:00,0.0135,0.9865
2025-07-04 07:30:07+00:00,0.0135,0.9865
2025-07-04 07:40:07+00:00,0.0135,0.9865
2025-07-04 07:50:07+00:00,0.0135,0.9865
2025-07-04 08:00:07+00:00,0.0135,0.9865
2025-07-04 08:10:08+00:00,0.0135,0.9865
2025-07-04 08:20:07+00:00,0.0135,0.9865
2025-07-04 08:30:07+00:00,0.0135,0.9865
2025-07-04 08:40:07+00:00,0.0135,0.9865
2025-07-04 08:50:07+00:00,0.0135,0.9865
2025-07-04 09:00:07+00:00,0.0135,0.9865
2025-07-04 09:10:07+00:00,0.0135,0.9865
2025-07-04 09:20:07+00:00,0.0135,0.9865
2025-07-04 09:30:07+00:00,0.0135,0.9865
2025-07-04 09:40:07+00:00,0.0135,0.9865
2025-07-04 09:50:08+00:00,0.0135,0.9865
2025-07-04 10:00:07+00:00,0.0135,0.9865
2025-07-04 10:10:07+00:00,0.0135,0.9865
2025-07-04 10:20:07+00:00,0.0135,0.9865
2025-07-04 10:30:07+00:00,0.0135,0.9865
2025-07-04 10:40:08+00:00,0.0135,0.9865
2025-07-04 10:50:07+00:00,0.0135,0.9865
2025-07-04 11:00:07+00:00,0.0135,0.9865
2025-07-04 11:10:08+00:00,0.0135,0.9865
2025-07-04 11:20:07+00:00,0.0135,0.9865
2025-07-04 11:30:07+00:00,0.0135,0.9865
2025-07-04 11:40:08+00:00,0.0135,0.9865
2025-07-04 11:50:07+00:00,0.0135,0.9865
2025-07-04 12:00:07+00:00,0.0135,0.9865
2025-07-04 12:10:07+00:00,0.0135,0.9865
2025-07-04 12:20:08+00:00,0.0135,0.9865
2025-07-04 12:30:07+00:00,0.0135,0.9865
2025-07-04 12:40:08+00:00,0.0135,0.9865
2025-07-04 12:50:08+00:00,0.0135,0.9865
2025-07-04 13:00:08+00:00,0.0135,0.9865
2025-07-04 13:10:08+00:00,0.0135,0.9865
2025-07-04 13:20:08+00:00,0.0135,0.9865
2025-07-04 13:30:08+00:00,0.0135,0.9865
2025-07-04 13:40:08+00:00,0.0135,0.9865
2025-07-04 13:50:08+00:00,0.0135,0.9865
2025-07-04 14:00:08+00:00,0.0135,0.9865
2025-07-04 14:10:07+00:00,0.0135,0.9865
2025-07-04 14:20:07+00:00,0.0135,0.9865
2025-07-04 14:30:08+00:00,0.0135,0.9865
2025-07-04 14:40:08+00:00,0.0135,0.9865
2025-07-04 14:50:09+00:00,0.0135,0.9865
2025-07-04 15:00:08+00:00,0.0135,0.9865
2025-07-04 15:10:09+00:00,0.0135,0.9865
2025-07-04 15:20:08+00:00,0.0135,0.9865
2025-07-04 15:30:08+00:00,0.0135,0.9865
2025-07-04 15:40:09+00:00,0.0135,0.9865
2025-07-04 15:50:08+00:00,0.0135,0.9865
2025-07-04 16:00:07+00:00,0.0135,0.9865
2025-07-04 16:10:08+00:00,0.0135,0.9865
2025-07-04 16:20:09+00:00,0.0135,0.9865
2025-07-04 16:30:09+00:00,0.0135,0.9865
2025-07-04 16:40:08+00:00,0.0135,0.9865
2025-07-04 16:50:08+00:00,0.0135,0.9865
2025-07-04 17:00:09+00:00,0.0135,0.9865
2025-07-04 17:10:08+00:00,0.0135,0.9865
2025-07-04 17:20:09+00:00,0.0135,0.9865
2025-07-04 17:30:08+00:00,0.0135,0.9865
2025-07-04 17:40:08+00:00,0.0135,0.9865
2025-07-04 17:50:08+00:00,0.0135,0.9865
2025-07-04 18:00:08+00:00,0.0135,0.9865
2025-07-04 18:10:08+00:00,0.0135,0.9865
2025-07-04 18:20:09+00:00,0.0135,0.9865
2025-07-04 18:30:08+00:00,0.0135,0.9865
2025-07-04 18:40:09+00:00,0.0135,0.9865
2025-07-04 18:50:09+00:00,0.0135,0.9865
2025-07-04 19:00:08+00:00,0.0135,0.9865
2025-07-04 19:10:08+00:00,0.0135,0.9865
2025-07-04 19:20:09+00:00,0.0135,0.9865
2025-07-04 19:30:07+00:00,0.0135,0.9865
2025-07-04 19:40:09+00:00,0.0135,0.9865
2025-07-04 19:50:09+00:00,0.0135,0.9865
2025-07-04 20:00:08+00:00,0.0135,0.9865
2025-07-04 20:10:09+00:00,0.0135,0.9865
2025-07-04 20:20:08+00:00,0.0135,0.9865
2025-07-04 20:30:08+00:00,0.0135,0.9865
2025-07-04 20:40:08+00:00,0.0135,0.9865
2025-07-04 20:50:07+00:00,0.0135,0.9865
2025-07-04 21:00:07+00:00,0.0135,0.9865
2025-07-04 21:10:08+00:00,0.0135,0.9865
2025-07-04 21:20:09+00:00,0.0135,0.9865
2025-07-04 21:30:09+00:00,0.0135,0.9865
2025-07-04 21:40:08+00:00,0.0135,0.9865
2025-07-04 21:50:07+00:00,0.0135,0.9865
2025-07-04 22:00:08+00:00,0.0135,0.9865
2025-07-04 22:10:09+00:00,0.0135,0.9865
2025-07-04 22:20:08+00:00,0.0135,0.9865
2025-07-04 22:30:09+00:00,0.0135,0.9865
2025-07-04 22:40:09+00:00,0.0135,0.9865
2025-07-04 22:50:07+00:00,0.0135,0.9865
2025-07-04 23:00:08+00:00,0.0135,0.9865
2025-07-04 23:10:08+00:00,0.0135,0.9865
2025-07-04 23:20:09+00:00,0.0135,0.9865
2025-07-04 23:30:08+00:00,0.0135,0.9865
2025-07-04 23:40:08+00:00,0.0135,0.9865
2025-07-04 23:50:08+00:00,0.0135,0.9865
2025-07-05 00:00:08+00:00,0.0135,0.9865
2025-07-05 00:10:08+00:00,0.0135,0.9865
2025-07-05 00:20:09+00:00,0.0135,0.9865
2025-07-05 00:30:08+00:00,0.0135,0.9865
2025-07-05 00:40:08+00:00,0.0135,0.9865
2025-07-05 00:50:08+00:00,0.0135,0.9865
2025-07-05 01:00:08+00:00,0.0135,0.9865
2025-07-05 01:10:07+00:00,0.0135,0.9865
2025-07-05 01:20:08+00:00,0.01,0.99
2025-07-05 01:30:08+00:00,0.01,0.99
2025-07-05 01:40:08+00:00,0.01,0.99
2025-07-05 01:50:08+00:00,0.0105,0.9895
2025-07-05 02:00:08+00:00,0.0105,0.9895
2025-07-05 02:10:08+00:00,0.01,0.99
2025-07-05 02:20:08+00:00,0.01,0.99
2025-07-05 02:30:08+00:00,0.01,0.99
2025-07-05 02:40:07+00:00,0.0105,0.9895
2025-07-05 02:50:08+00:00,0.0105,0.9895
2025-07-05 03:00:07+00:00,0.0105,0.9895
2025-07-05 03:10:08+00:00,0.01,0.99
2025-07-05 03:20:08+00:00,0.01,0.99
2025-07-05 03:30:07+00:00,0.01,0.99
2025-07-05 03:40:08+00:00,0.01,0.99
2025-07-05 03:50:09+00:00,0.01,0.99
2025-07-05 04:00:08+00:00,0.0105,0.9895
2025-07-05 04:10:08+00:00,0.0105,0.9895
2025-07-05 04:20:08+00:00,0.01,0.99
2025-07-05 04:30:09+00:00,0.0105,0.9895
2025-07-05 04:40:07+00:00,0.0095,0.9905
2025-07-05 04:50:07+00:00,0.009,0.991
2025-07-05 05:00:08+00:00,0.009,0.991
2025-07-05 05:10:09+00:00,0.009,0.991
2025-07-05 05:20:08+00:00,0.0085,0.9915
2025-07-05 05:30:08+00:00,0.0085,0.9915
2025-07-05 05:40:08+00:00,0.008,0.992
2025-07-05 05:50:07+00:00,0.008,0.992
2025-07-05 06:00:08+00:00,0.008,0.992
2025-07-05 06:10:08+00:00,0.008,0.992
2025-07-05 06:20:07+00:00,0.008,0.992
2025-07-05 06:30:08+00:00,0.008,0.992
2025-07-05 06:40:07+00:00,0.008,0.992
2025-07-05 06:50:07+00:00,0.008,0.992
2025-07-05 07:00:08+00:00,0.008,0.992
2025-07-05 07:10:08+00:00,0.008,0.992
2025-07-05 07:20:08+00:00,0.008,0.992
2025-07-05 07:30:08+00:00,0.008,0.992
2025-07-05 07:40:08+00:00,0.008,0.992
2025-07-05 07:50:08+00:00,0.008,0.992
2025-07-05 08:00:08+00:00,0.008,0.992
2025-07-05 08:10:07+00:00,0.008,0.992
2025-07-05 08:20:08+00:00,0.008,0.992
2025-07-05 08:30:08+00:00,0.008,0.992
2025-07-05 08:40:07+00:00,0.008,0.992
2025-07-05 08:50:08+00:00,0.008,0.992
2025-07-05 09:00:07+00:00,0.008,0.992
2025-07-05 09:10:08+00:00,0.008,0.992
2025-07-05 09:20:07+00:00,0.008,0.992
2025-07-05 09:30:08+00:00,0.008,0.992
2025-07-05 09:40:08+00:00,0.008,0.992
2025-07-05 09:50:08+00:00,0.008,0.992
2025-07-05 10:00:08+00:00,0.008,0.992
2025-07-05 10:10:08+00:00,0.008,0.992
2025-07-05 10:20:09+00:00,0.008,0.992
2025-07-05 10:30:07+00:00,0.008,0.992
2025-07-05 10:40:07+00:00,0.008,0.992
2025-07-05 10:50:09+00:00,0.008,0.992
2025-07-05 11:00:07+00:00,0.008,0.992
2025-07-05 11:10:08+00:00,0.008,0.992
2025-07-05 11:20:07+00:00,0.008,0.992
2025-07-05 11:30:08+00:00,0.008,0.992
2025-07-05 11:40:07+00:00,0.008,0.992
2025-07-05 11:50:07+00:00,0.008,0.992
2025-07-05 12:00:08+00:00,0.008,0.992
2025-07-05 12:10:07+00:00,0.008,0.992
2025-07-05 12:20:07+00:00,0.008,0.992
2025-07-05 12:30:07+00:00,0.008,0.992
2025-07-05 12:40:08+00:00,0.008,0.992
2025-07-05 12:50:07+00:00,0.008,0.992
2025-07-05 13:00:08+00:00,0.008,0.992
2025-07-05 13:10:08+00:00,0.008,0.992
2025-07-05 13:20:08+00:00,0.008,0.992
2025-07-05 13:30:08+00:00,0.008,0.992
2025-07-05 13:40:08+00:00,0.008,0.992
2025-07-05 13:50:08+00:00,0.008,0.992
2025-07-05 14:00:08+00:00,0.008,0.992
2025-07-05 14:10:08+00:00,0.008,0.992
2025-07-05 14:20:07+00:00,0.008,0.992
2025-07-05 14:30:07+00:00,0.008,0.992
2025-07-05 14:40:07+00:00,0.008,0.992
2025-07-05 14:50:08+00:00,0.008,0.992
2025-07-05 15:00:07+00:00,0.008,0.992
2025-07-05 15:10:08+00:00,0.008,0.992
2025-07-05 15:20:08+00:00,0.008,0.992
2025-07-05 15:30:07+00:00,0.008,0.992
2025-07-05 15:40:08+00:00,0.008,0.992
2025-07-05 15:50:08+00:00,0.008,0.992
2025-07-05 16:00:07+00:00,0.008,0.992
2025-07-05 16:10:08+00:00,0.008,0.992
2025-07-05 16:20:07+00:00,0.008,0.992
2025-07-05 16:30:08+00:00,0.008,0.992
2025-07-05 16:40:07+00:00,0.008,0.992
2025-07-05 16:50:07+00:00,0.008,0.992
2025-07-05 17:00:07+00:00,0.008,0.992
2025-07-05 17:10:09+00:00,0.008,0.992
2025-07-05 17:20:08+00:00,0.008,0.992
2025-07-05 17:30:07+00:00,0.008,0.992
2025-07-05 17:40:07+00:00,0.008,0.992
2025-07-05 17:50:08+00:00,0.008,0.992
2025-07-05 18:00:07+00:00,0.008,0.992
2025-07-05 18:10:08+00:00,0.008,0.992
2025-07-05 18:20:08+00:00,0.008,0.992
2025-07-05 18:30:07+00:00,0.008,0.992
2025-07-05 18:40:08+00:00,0.008,0.992
2025-07-05 18:50:06+00:00,0.008,0.992
2025-07-05 19:00:07+00:00,0.008,0.992
2025-07-05 19:10:08+00:00,0.008,0.992
2025-07-05 19:20:07+00:00,0.008,0.992
2025-07-05 19:30:08+00:00,0.008,0.992
2025-07-05 19:40:08+00:00,0.008,0.992
2025-07-05 19:50:08+00:00,0.008,0.992
2025-07-05 20:00:08+00:00,0.008,0.992
2025-07-05 20:10:08+00:00,0.008,0.992
2025-07-05 20:20:08+00:00,0.0075,0.9925
2025-07-05 20:30:08+00:00,0.0075,0.9925
2025-07-05 20:40:07+00:00,0.0075,0.9925
2025-07-05 20:50:07+00:00,0.0075,0.9925
2025-07-05 21:00:07+00:00,0.008,0.992
2025-07-05 21:10:07+00:00,0.008,0.992
2025-07-05 21:20:07+00:00,0.008,0.992
2025-07-05 21:30:08+00:00,0.008,0.992
2025-07-05 21:40:07+00:00,0.008,0.992
2025-07-05 21:50:08+00:00,0.008,0.992
2025-07-05 22:00:08+00:00,0.008,0.992
2025-07-05 22:10:07+00:00,0.0075,0.9925
2025-07-05 22:20:08+00:00,0.0075,0.9925
2025-07-05 22:30:07+00:00,0.0075,0.9925
2025-07-05 22:40:08+00:00,0.0075,0.9925
2025-07-05 22:50:07+00:00,0.0075,0.9925
2025-07-05 23:00:08+00:00,0.0075,0.9925
2025-07-05 23:10:07+00:00,0.0075,0.9925
2025-07-05 23:20:07+00:00,0.0075,0.9925
2025-07-05 23:30:08+00:00,0.0075,0.9925
2025-07-05 23:40:07+00:00,0.0075,0.9925
2025-07-05 23:50:09+00:00,0.0075,0.9925
2025-07-06 00:00:07+00:00,0.0075,0.9925
2025-07-06 00:10:07+00:00,0.0075,0.9925
2025-07-06 00:20:07+00:00,0.0075,0.9925
2025-07-06 00:30:08+00:00,0.0075,0.9925
2025-07-06 00:40:08+00:00,0.0075,0.9925
2025-07-06 00:50:08+00:00,0.0075,0.9925
2025-07-06 01:00:07+00:00,0.0075,0.9925
2025-07-06 01:10:07+00:00,0.0075,0.9925
2025-07-06 01:20:07+00:00,0.0075,0.9925
2025-07-06 01:30:07+00:00,0.0075,0.9925
2025-07-06 01:40:07+00:00,0.0075,0.9925
2025-07-06 01:50:07+00:00,0.0075,0.9925
2025-07-06 02:00:08+00:00,0.0075,0.9925
2025-07-06 02:10:07+00:00,0.0075,0.9925
2025-07-06 02:20:07+00:00,0.0075,0.9925
2025-07-06 02:30:07+00:00,0.0075,0.9925
2025-07-06 02:40:07+00:00,0.0075,0.9925
2025-07-06 02:50:08+00:00,0.0075,0.9925
2025-07-06 03:00:08+00:00,0.0075,0.9925
2025-07-06 03:10:07+00:00,0.0075,0.9925
2025-07-06 03:20:07+00:00,0.0075,0.9925
2025-07-06 03:30:07+00:00,0.0075,0.9925
2025-07-06 03:40:07+00:00,0.0075,0.9925
2025-07-06 03:50:08+00:00,0.0075,0.9925
2025-07-06 04:00:07+00:00,0.0075,0.9925
2025-07-06 04:10:07+00:00,0.0075,0.9925
2025-07-06 04:20:07+00:00,0.0075,0.9925
2025-07-06 04:30:07+00:00,0.0075,0.9925
2025-07-06 04:40:08+00:00,0.0075,0.9925
2025-07-06 04:50:07+00:00,0.0075,0.9925
2025-07-06 05:00:07+00:00,0.0075,0.9925
2025-07-06 05:10:08+00:00,0.0075,0.9925
2025-07-06 05:20:07+00:00,0.0075,0.9925
2025-07-06 05:30:08+00:00,0.0075,0.9925
2025-07-06 05:40:07+00:00,0.0075,0.9925
2025-07-06 05:50:08+00:00,0.0075,0.9925
2025-07-06 06:00:07+00:00,0.0075,0.9925
2025-07-06 06:10:07+00:00,0.0075,0.9925
2025-07-06 06:20:07+00:00,0.0075,0.9925
2025-07-06 06:30:07+00:00,0.0075,0.9925
2025-07-06 06:40:07+00:00,0.0075,0.9925
2025-07-06 06:50:08+00:00,0.0075,0.9925
2025-07-06 07:00:06+00:00,0.0075,0.9925
2025-07-06 07:10:07+00:00,0.0075,0.9925
2025-07-06 07:20:08+00:00,0.0075,0.9925
2025-07-06 07:30:09+00:00,0.0075,0.9925
2025-07-06 07:40:07+00:00,0.0075,0.9925
2025-07-06 07:50:07+00:00,0.0075,0.9925
2025-07-06 08:00:07+00:00,0.0075,0.9925
2025-07-06 08:10:06+00:00,0.0075,0.9925
2025-07-06 08:20:08+00:00,0.0075,0.9925
2025-07-06 08:30:07+00:00,0.0075,0.9925
2025-07-06 08:40:07+00:00,0.0075,0.9925
2025-07-06 08:50:08+00:00,0.0075,0.9925
2025-07-06 09:00:08+00:00,0.0075,0.9925
2025-07-06 09:10:07+00:00,0.0075,0.9925
2025-07-06 09:20:07+00:00,0.0075,0.9925
2025-07-06 09:30:08+00:00,0.0075,0.9925
2025-07-06 09:40:08+00:00,0.0075,0.9925
2025-07-06 09:50:08+00:00,0.0075,0.9925
2025-07-06 10:00:07+00:00,0.0075,0.9925
2025-07-06 10:10:06+00:00,0.0075,0.9925
2025-07-06 10:20:07+00:00,0.0075,0.9925
2025-07-06 10:30:08+00:00,0.0075,0.9925
2025-07-06 10:40:08+00:00,0.0075,0.9925
2025-07-06 10:50:08+00:00,0.0075,0.9925
2025-07-06 11:00:08+00:00,0.0075,0.9925
2025-07-06 11:10:07+00:00,0.0075,0.9925
2025-07-06 11:20:07+00:00,0.0075,0.9925
2025-07-06 11:30:07+00:00,0.0075,0.9925
2025-07-06 11:40:06+00:00,0.0075,0.9925
2025-07-06 11:50:07+00:00,0.0075,0.9925
2025-07-06 12:00:07+00:00,0.0075,0.9925
2025-07-06 12:10:07+00:00,0.0075,0.9925
2025-07-06 12:20:07+00:00,0.0075,0.9925
2025-07-06 12:30:07+00:00,0.0075,0.9925
2025-07-06 12:40:07+00:00,0.0075,0.9925
2025-07-06 12:50:07+00:00,0.0075,0.9925
2025-07-06 13:00:07+00:00,0.0075,0.9925
2025-07-06 13:10:07+00:00,0.0075,0.9925
2025-07-06 13:20:07+00:00,0.0075,0.9925
2025-07-06 13:30:09+00:00,0.0075,0.9925
2025-07-06 13:40:07+00:00,0.0075,0.9925
2025-07-06 13:50:07+00:00,0.0075,0.9925
2025-07-06 14:00:08+00:00,0.0075,0.9925
2025-07-06 14:10:08+00:00,0.0075,0.9925
2025-07-06 14:20:07+00:00,0.0075,0.9925
2025-07-06 14:30:07+00:00,0.0075,0.9925
2025-07-06 14:40:08+00:00,0.0075,0.9925
2025-07-06 14:50:07+00:00,0.0075,0.9925
2025-07-06 15:00:06+00:00,0.0075,0.9925
2025-07-06 15:10:07+00:00,0.0075,0.9925
2025-07-06 15:20:08+00:00,0.0075,0.9925
2025-07-06 15:30:09+00:00,0.0075,0.9925
2025-07-06 15:40:08+00:00,0.0075,0.9925
2025-07-06 15:50:08+00:00,0.0075,0.9925
2025-07-06 16:00:07+00:00,0.0075,0.9925
2025-07-06 16:10:06+00:00,0.0075,0.9925
2025-07-06 16:20:07+00:00,0.0075,0.9925
2025-07-06 16:30:08+00:00,0.0075,0.9925
2025-07-06 16:40:07+00:00,0.0075,0.9925
2025-07-06 16:50:07+00:00,0.0075,0.9925
2025-07-06 17:00:07+00:00,0.0075,0.9925
2025-07-06 17:10:07+00:00,0.0075,0.9925
2025-07-06 17:20:08+00:00,0.0075,0.9925
2025-07-06 17:30:07+00:00,0.0075,0.9925
2025-07-06 17:40:07+00:00,0.0075,0.9925
2025-07-06 17:50:07+00:00,0.0075,0.9925
2025-07-06 18:00:08+00:00,0.0075,0.9925
2025-07-06 18:10:07+00:00,0.0075,0.9925
2025-07-06 18:20:08+00:00,0.0075,0.9925
2025-07-06 18:30:07+00:00,0.0075,0.9925
2025-07-06 18:40:07+00:00,0.0075,0.9925
2025-07-06 18:50:07+00:00,0.0075,0.9925
2025-07-06 19:00:07+00:00,0.0075,0.9925
2025-07-06 19:10:08+00:00,0.0075,0.9925
2025-07-06 19:20:07+00:00,0.0075,0.9925
2025-07-06 19:30:09+00:00,0.0075,0.9925
2025-07-06 19:40:07+00:00,0.0075,0.9925
2025-07-06 19:50:08+00:00,0.0075,0.9925
2025-07-06 20:00:08+00:00,0.0075,0.9925
2025-07-06 20:10:07+00:00,0.008,0.992
2025-07-06 20:20:08+00:00,0.008,0.992
2025-07-06 20:30:07+00:00,0.008,0.992
2025-07-06 20:40:08+00:00,0.008,0.992
2025-07-06 20:50:07+00:00,0.008,0.992
2025-07-06 21:00:08+00:00,0.008,0.992
2025-07-06 21:10:07+00:00,0.008,0.992
2025-07-06 21:20:07+00:00,0.008,0.992
2025-07-06 21:30:07+00:00,0.008,0.992
2025-07-06 21:40:08+00:00,0.008,0.992
2025-07-06 21:50:08+00:00,0.008,0.992
2025-07-06 22:00:08+00:00,0.008,0.992
2025-07-06 22:10:08+00:00,0.008,0.992
2025-07-06 22:20:07+00:00,0.008,0.992
2025-07-06 22:30:08+00:00,0.008,0.992
2025-07-06 22:40:07+00:00,0.008,0.992
2025-07-06 22:50:07+00:00,0.008,0.992
2025-07-06 23:00:07+00:00,0.008,0.992
2025-07-06 23:10:07+00:00,0.008,0.992
2025-07-06 23:20:07+00:00,0.008,0.992
2025-07-06 23:30:07+00:00,0.008,0.992
2025-07-06 23:40:07+00:00,0.008,0.992
2025-07-06 23:50:07+00:00,0.008,0.992
2025-07-07 00:00:07+00:00,0.008,0.992
2025-07-07 00:10:07+00:00,0.008,0.992
2025-07-07 00:20:06+00:00,0.008,0.992
2025-07-07 00:30:07+00:00,0.008,0.992
2025-07-07 00:40:07+00:00,0.008,0.992
2025-07-07 00:50:07+00:00,0.008,0.992
2025-07-07 01:00:07+00:00,0.008,0.992
2025-07-07 01:10:07+00:00,0.008,0.992
2025-07-07 01:20:07+00:00,0.008,0.992
2025-07-07 01:30:07+00:00,0.008,0.992
2025-07-07 01:40:06+00:00,0.008,0.992
2025-07-07 01:50:06+00:00,0.008,0.992
2025-07-07 02:00:06+00:00,0.008,0.992
2025-07-07 02:10:07+00:00,0.008,0.992
2025-07-07 02:20:07+00:00,0.008,0.992
2025-07-07 02:30:07+00:00,0.008,0.992
2025-07-07 02:40:07+00:00,0.008,0.992
2025-07-07 02:50:07+00:00,0.008,0.992
2025-07-07 03:00:07+00:00,0.008,0.992
2025-07-07 03:10:06+00:00,0.008,0.992
2025-07-07 03:20:07+00:00,0.008,0.992
2025-07-07 03:30:06+00:00,0.008,0.992
2025-07-07 03:40:06+00:00,0.008,0.992
2025-07-07 03:50:06+00:00,0.008,0.992
2025-07-07 04:00:07+00:00,0.008,0.992
2025-07-07 04:10:07+00:00,0.008,0.992
2025-07-07 04:20:06+00:00,0.008,0.992
2025-07-07 04:30:07+00:00,0.008,0.992
2025-07-07 04:40:06+00:00,0.008,0.992
2025-07-07 04:50:06+00:00,0.008,0.992
2025-07-07 05:00:06+00:00,0.008,0.992
2025-07-07 05:10:07+00:00,0.008,0.992
2025-07-07 05:20:07+00:00,0.008,0.992
2025-07-07 05:30:07+00:00,0.008,0.992
2025-07-07 05:40:07+00:00,0.008,0.992
2025-07-07 05:50:07+00:00,0.008,0.992
2025-07-07 06:00:06+00:00,0.008,0.992
2025-07-07 06:10:07+00:00,0.008,0.992
2025-07-07 06:20:06+00:00,0.008,0.992
2025-07-07 06:30:06+00:00,0.008,0.992
2025-07-07 06:40:07+00:00,0.008,0.992
2025-07-07 06:50:06+00:00,0.008,0.992
2025-07-07 07:00:07+00:00,0.008,0.992
2025-07-07 07:10:07+00:00,0.008,0.992
2025-07-07 07:20:06+00:00,0.008,0.992
2025-07-07 07:30:07+00:00,0.008,0.992
2025-07-07 07:40:07+00:00,0.008,0.992
2025-07-07 07:50:07+00:00,0.008,0.992
2025-07-07 08:00:06+00:00,0.008,0.992
2025-07-07 08:10:06+00:00,0.008,0.992
2025-07-07 08:20:07+00:00,0.008,0.992
2025-07-07 08:30:06+00:00,0.008,0.992
2025-07-07 08:40:07+00:00,0.008,0.992
2025-07-07 08:50:06+00:00,0.008,0.992
2025-07-07 09:00:06+00:00,0.008,0.992
2025-07-07 09:10:07+00:00,0.008,0.992
2025-07-07 09:20:07+00:00,0.008,0.992
2025-07-07 09:30:06+00:00,0.008,0.992
2025-07-07 09:40:07+00:00,0.008,0.992
2025-07-07 09:50:07+00:00,0.008,0.992
2025-07-07 10:00:07+00:00,0.008,0.992
2025-07-07 10:10:06+00:00,0.008,0.992
2025-07-07 10:20:06+00:00,0.008,0.992
2025-07-07 10:30:07+00:00,0.008,0.992
2025-07-07 10:40:06+00:00,0.008,0.992
2025-07-07 10:50:06+00:00,0.008,0.992
2025-07-07 11:00:06+00:00,0.008,0.992
2025-07-07 11:10:06+00:00,0.008,0.992
2025-07-07 11:20:06+00:00,0.008,0.992
2025-07-07 11:30:06+00:00,0.008,0.992
2025-07-07 11:40:07+00:00,0.008,0.992
2025-07-07 11:50:07+00:00,0.008,0.992
2025-07-07 12:00:07+00:00,0.008,0.992
2025-07-07 12:10:07+00:00,0.008,0.992
2025-07-07 12:20:07+00:00,0.008,0.992
2025-07-07 12:30:07+00:00,0.0085,0.9915
2025-07-07 12:40:06+00:00,0.008,0.992
2025-07-07 12:50:07+00:00,0.008,0.992
2025-07-07 13:00:07+00:00,0.0085,0.9915
2025-07-07 13:10:07+00:00,0.0085,0.9915
2025-07-07 13:20:07+00:00,0.0085,0.9915
2025-07-07 13:30:07+00:00,0.0085,0.9915
2025-07-07 13:40:07+00:00,0.0085,0.9915
2025-07-07 13:50:06+00:00,0.0085,0.9915
2025-07-07 14:00:07+00:00,0.0085,0.9915
2025-07-07 14:10:07+00:00,0.0085,0.9915
2025-07-07 14:20:07+00:00,0.0085,0.9915
2025-07-07 14:30:08+00:00,0.0085,0.9915
2025-07-07 14:40:07+00:00,0.008,0.992
2025-07-07 14:50:07+00:00,0.008,0.992
2025-07-07 15:00:07+00:00,0.0085,0.9915
2025-07-07 15:10:08+00:00,0.0085,0.9915
2025-07-07 15:20:07+00:00,0.008,0.992
2025-07-07 15:30:07+00:00,0.008,0.992
2025-07-07 15:40:07+00:00,0.0085,0.9915
2025-07-07 15:50:07+00:00,0.0085,0.9915
2025-07-07 16:00:07+00:00,0.008,0.992
2025-07-07 16:10:07+00:00,0.008,0.992
2025-07-07 16:20:06+00:00,0.008,0.992
2025-07-07 16:30:07+00:00,0.008,0.992
2025-07-07 16:40:07+00:00,0.0045,0.9955
2025-07-07 16:50:07+00:00,0.0045,0.9955
2025-07-07 17:00:07+00:00,0.0045,0.9955
2025-07-07 17:10:07+00:00,0.0045,0.9955
2025-07-07 17:20:08+00:00,0.0045,0.9955
2025-07-07 17:30:07+00:00,0.0045,0.9955
2025-07-07 17:40:07+00:00,0.0045,0.9955
2025-07-07 17:50:07+00:00,0.0045,0.9955
2025-07-07 18:00:07+00:00,0.0045,0.9955
2025-07-07 18:10:08+00:00,0.0045,0.9955
2025-07-07 18:20:08+00:00,0.0045,0.9955
2025-07-07 18:30:07+00:00,0.0045,0.9955
2025-07-07 18:40:08+00:00,0.0045,0.9955
2025-07-07 18:50:07+00:00,0.0045,0.9955
2025-07-07 19:00:07+00:00,0.0045,0.9955
2025-07-07 19:10:07+00:00,0.0045,0.9955
2025-07-07 19:20:07+00:00,0.0045,0.9955
2025-07-07 19:30:08+00:00,0.0045,0.9955
2025-07-07 19:40:07+00:00,0.0045,0.9955
2025-07-07 19:50:07+00:00,0.0045,0.9955
2025-07-07 20:00:07+00:00,0.0045,0.9955
2025-07-07 20:10:07+00:00,0.0045,0.9955
2025-07-07 20:20:07+00:00,0.0045,0.9955
2025-07-07 20:30:07+00:00,0.0045,0.9955
2025-07-07 20:40:07+00:00,0.1225,0.8775
2025-07-07 20:50:08+00:00,0.046,0.954
2025-07-07 21:00:07+00:00,0.046,0.954
2025-07-07 21:10:07+00:00,0.044,0.956
2025-07-07 21:20:08+00:00,0.035,0.965
2025-07-07 21:30:07+00:00,0.034,0.966
2025-07-07 21:40:07+00:00,0.034,0.966
2025-07-07 21:50:07+00:00,0.0325,0.9675
2025-07-07 22:00:08+00:00,0.0325,0.9675
2025-07-07 22:10:07+00:00,0.0325,0.9675
2025-07-07 22:20:07+00:00,0.032,0.968
2025-07-07 22:30:07+00:00,0.032,0.968
2025-07-07 22:40:07+00:00,0.032,0.968
2025-07-07 22:50:08+00:00,0.028,0.972
2025-07-07 23:00:06+00:00,0.027,0.973
2025-07-07 23:10:07+00:00,0.025,0.975
2025-07-07 23:20:07+00:00,0.022,0.978
2025-07-07 23:30:07+00:00,0.0225,0.9775
2025-07-07 23:40:07+00:00,0.021,0.979
2025-07-07 23:50:07+00:00,0.021,0.979
2025-07-08 00:00:08+00:00,0.021,0.979
2025-07-08 00:10:07+00:00,0.0175,0.9825
2025-07-08 00:20:08+00:00,0.0175,0.9825
2025-07-08 00:30:08+00:00,0.017,0.983
2025-07-08 00:40:07+00:00,0.017,0.983
2025-07-08 00:50:07+00:00,0.017,0.983
2025-07-08 01:00:07+00:00,0.0165,0.9835
2025-07-08 01:10:07+00:00,0.0165,0.9835
2025-07-08 01:20:07+00:00,0.0135,0.9865
2025-07-08 01:30:07+00:00,0.014,0.986
2025-07-08 01:40:08+00:00,0.014,0.986
2025-07-08 01:50:07+00:00,0.011,0.989
2025-07-08 02:00:07+00:00,0.011,0.989
2025-07-08 02:10:08+00:00,0.0105,0.9895
2025-07-08 02:20:07+00:00,0.0095,0.9905
2025-07-08 02:30:07+00:00,0.0095,0.9905
2025-07-08 02:40:07+00:00,0.0095,0.9905
2025-07-08 02:50:07+00:00,0.0085,0.9915
2025-07-08 03:00:07+00:00,0.0085,0.9915
2025-07-08 03:10:07+00:00,0.008,0.992
2025-07-08 03:20:07+00:00,0.0085,0.9915
2025-07-08 03:30:08+00:00,0.0085,0.9915
2025-07-08 03:40:07+00:00,0.008,0.992
2025-07-08 03:50:06+00:00,0.008,0.992
2025-07-08 04:00:08+00:00,0.0085,0.9915
2025-07-08 04:10:07+00:00,0.0085,0.9915
2025-07-08 04:20:08+00:00,0.0085,0.9915
2025-07-08 04:30:07+00:00,0.0085,0.9915
2025-07-08 04:40:07+00:00,0.008,0.992
2025-07-08 04:50:07+00:00,0.008,0.992
2025-07-08 05:00:08+00:00,0.0085,0.9915
2025-07-08 05:10:08+00:00,0.0085,0.9915
2025-07-08 05:20:07+00:00,0.008,0.992
2025-07-08 05:30:07+00:00,0.0085,0.9915
2025-07-08 05:40:08+00:00,0.0085,0.9915
2025-07-08 05:50:08+00:00,0.0085,0.9915
2025-07-08 06:00:08+00:00,0.008,0.992
2025-07-08 06:10:07+00:00,0.008,0.992
2025-07-08 06:20:07+00:00,0.008,0.992
2025-07-08 06:30:06+00:00,0.0085,0.9915
2025-07-08 06:40:07+00:00,0.008,0.992
2025-07-08 06:50:08+00:00,0.008,0.992
2025-07-08 07:00:07+00:00,0.0085,0.9915
2025-07-08 07:10:07+00:00,0.0085,0.9915
2025-07-08 07:20:07+00:00,0.0085,0.9915
2025-07-08 07:30:08+00:00,0.008,0.992
2025-07-08 07:40:07+00:00,0.008,0.992
2025-07-08 07:50:07+00:00,0.0085,0.9915
2025-07-08 08:00:07+00:00,0.0085,0.9915
2025-07-08 08:10:07+00:00,0.0085,0.9915
2025-07-08 08:20:07+00:00,0.0085,0.9915
2025-07-08 08:30:07+00:00,0.008,0.992
2025-07-08 08:40:07+00:00,0.008,0.992
2025-07-08 08:50:07+00:00,0.0085,0.9915
2025-07-08 09:00:07+00:00,0.0085,0.9915
2025-07-08 09:10:08+00:00,0.008,0.992
2025-07-08 09:20:07+00:00,0.008,0.992
2025-07-08 09:30:07+00:00,0.0085,0.9915
2025-07-08 09:40:07+00:00,0.0085,0.9915
2025-07-08 09:50:06+00:00,0.008,0.992
2025-07-08 10:00:07+00:00,0.0085,0.9915
2025-07-08 10:10:07+00:00,0.0085,0.9915
2025-07-08 10:20:08+00:00,0.008,0.992
2025-07-08 10:30:08+00:00,0.008,0.992
2025-07-08 10:40:07+00:00,0.008,0.992
2025-07-08 10:50:08+00:00,0.0085,0.9915
2025-07-08 11:00:07+00:00,0.0085,0.9915
2025-07-08 11:10:07+00:00,0.008,0.992
2025-07-08 11:20:07+00:00,0.0085,0.9915
2025-07-08 11:30:07+00:00,0.0085,0.9915
2025-07-08 11:40:08+00:00,0.0085,0.9915
2025-07-08 11:50:08+00:00,0.0085,0.9915
2025-07-08 12:00:07+00:00,0.008,0.992
2025-07-08 12:10:07+00:00,0.008,0.992
2025-07-08 12:20:07+00:00,0.0085,0.9915
2025-07-08 12:30:07+00:00,0.0085,0.9915
2025-07-08 12:40:07+00:00,0.0085,0.9915
2025-07-08 12:50:06+00:00,0.008,0.992
2025-07-08 13:00:07+00:00,0.008,0.992
2025-07-08 13:10:08+00:00,0.008,0.992
2025-07-08 13:20:07+00:00,0.008,0.992
2025-07-08 13:30:07+00:00,0.0085,0.9915
2025-07-08 13:40:07+00:00,0.008,0.992
2025-07-08 13:50:07+00:00,0.008,0.992
2025-07-08 14:00:08+00:00,0.008,0.992
2025-07-08 14:10:07+00:00,0.008,0.992
2025-07-08 14:20:07+00:00,0.008,0.992
2025-07-08 14:30:07+00:00,0.0085,0.9915
2025-07-08 14:40:07+00:00,0.0085,0.9915
2025-07-08 14:50:07+00:00,0.008,0.992
2025-07-08 15:00:07+00:00,0.008,0.992
2025-07-08 15:10:08+00:00,0.0085,0.9915
2025-07-08 15:20:08+00:00,0.008,0.992
2025-07-08 15:30:07+00:00,0.0085,0.9915
2025-07-08 15:40:07+00:00,0.0085,0.9915
2025-07-08 15:50:07+00:00,0.0085,0.9915
2025-07-08 16:00:07+00:00,0.0085,0.9915
2025-07-08 16:10:07+00:00,0.008,0.992
2025-07-08 16:20:07+00:00,0.0085,0.9915
2025-07-08 16:30:07+00:00,0.0085,0.9915
2025-07-08 16:40:08+00:00,0.008,0.992
2025-07-08 16:50:08+00:00,0.0085,0.9915
2025-07-08 17:00:08+00:00,0.0085,0.9915
2025-07-08 17:10:08+00:00,0.0085,0.9915
2025-07-08 17:20:07+00:00,0.0085,0.9915
2025-07-08 17:30:08+00:00,0.008,0.992
2025-07-08 17:40:07+00:00,0.0085,0.9915
2025-07-08 17:50:21+00:00,0.008,0.992
2025-07-08 18:00:07+00:00,0.0085,0.9915
2025-07-08 18:10:07+00:00,0.0085,0.9915
2025-07-08 18:20:08+00:00,0.008,0.992
2025-07-08 18:30:07+00:00,0.008,0.992
2025-07-08 18:40:08+00:00,0.008,0.992
2025-07-08 18:50:08+00:00,0.008,0.992
2025-07-08 19:00:08+00:00,0.008,0.992
2025-07-08 19:10:07+00:00,0.008,0.992
2025-07-08 19:20:07+00:00,0.008,0.992
2025-07-08 19:30:08+00:00,0.008,0.992
2025-07-08 19:40:09+00:00,0.008,0.992
2025-07-08 19:50:07+00:00,0.008,0.992
2025-07-08 20:00:07+00:00,0.125,0.875
2025-07-08 20:10:07+00:00,0.028,0.972
2025-07-08 20:20:08+00:00,0.028,0.972
2025-07-08 20:30:08+00:00,0.026,0.974
2025-07-08 20:40:08+00:00,0.026,0.974
2025-07-08 20:50:07+00:00,0.0265,0.9735
2025-07-08 21:00:07+00:00,0.0215,0.9785
2025-07-08 21:10:07+00:00,0.0215,0.9785
2025-07-08 21:20:07+00:00,0.021,0.979
2025-07-08 21:30:07+00:00,0.021,0.979
2025-07-08 21:40:08+00:00,0.021,0.979
2025-07-08 21:50:07+00:00,0.0205,0.9795
2025-07-08 22:00:07+00:00,0.0205,0.9795
2025-07-08 22:10:08+00:00,0.0205,0.9795
2025-07-08 22:20:08+00:00,0.0165,0.9835
2025-07-08 22:30:07+00:00,0.013,0.987
2025-07-08 22:40:07+00:00,0.011,0.989
2025-07-08 22:50:07+00:00,0.011,0.989
2025-07-08 23:00:07+00:00,0.011,0.989
2025-07-08 23:10:07+00:00,0.0105,0.9895
2025-07-08 23:20:07+00:00,0.0105,0.9895
2025-07-08 23:30:08+00:00,0.0105,0.9895
2025-07-08 23:40:07+00:00,0.0095,0.9905
2025-07-08 23:50:08+00:00,0.01,0.99
2025-07-09 00:00:07+00:00,0.0095,0.9905
2025-07-09 00:10:08+00:00,0.0095,0.9905
2025-07-09 00:20:08+00:00,0.009,0.991
2025-07-09 00:30:07+00:00,0.0085,0.9915
2025-07-09 00:40:07+00:00,0.0085,0.9915
2025-07-09 00:50:09+00:00,0.0085,0.9915
2025-07-09 01:00:08+00:00,0.0085,0.9915
2025-07-09 01:10:07+00:00,0.008,0.992
2025-07-09 01:20:07+00:00,0.008,0.992
2025-07-09 01:30:07+00:00,0.0085,0.9915
2025-07-09 01:40:08+00:00,0.0085,0.9915
2025-07-09 01:50:08+00:00,0.0085,0.9915
2025-07-09 02:00:07+00:00,0.0085,0.9915
2025-07-09 02:10:07+00:00,0.0085,0.9915
2025-07-09 02:20:07+00:00,0.008,0.992
2025-07-09 02:30:08+00:00,0.008,0.992
2025-07-09 02:40:07+00:00,0.0085,0.9915
2025-07-09 02:50:07+00:00,0.0085,0.9915
2025-07-09 03:00:07+00:00,0.008,0.992
2025-07-09 03:10:07+00:00,0.0085,0.9915
2025-07-09 03:20:07+00:00,0.008,0.992
2025-07-09 03:30:07+00:00,0.008,0.992
2025-07-09 03:40:07+00:00,0.008,0.992
2025-07-09 03:50:08+00:00,0.008,0.992
2025-07-09 04:00:08+00:00,0.008,0.992
2025-07-09 04:10:08+00:00,0.008,0.992
2025-07-09 04:20:07+00:00,0.0085,0.9915
2025-07-09 04:30:08+00:00,0.0085,0.9915
2025-07-09 04:40:09+00:00,0.0085,0.9915
2025-07-09 04:50:08+00:00,0.0085,0.9915
2025-07-09 05:00:08+00:00,0.0085,0.9915
2025-07-09 05:10:07+00:00,0.0085,0.9915
2025-07-09 05:20:07+00:00,0.0085,0.9915
2025-07-09 05:30:08+00:00,0.0085,0.9915
2025-07-09 05:40:07+00:00,0.0085,0.9915
2025-07-09 05:50:07+00:00,0.0085,0.9915
2025-07-09 06:00:08+00:00,0.0085,0.9915
2025-07-09 06:10:08+00:00,0.008,0.992
2025-07-09 06:20:08+00:00,0.0065,0.9935
2025-07-09 06:30:07+00:00,0.0065,0.9935
2025-07-09 06:40:07+00:00,0.0065,0.9935
2025-07-09 06:50:07+00:00,0.0065,0.9935
2025-07-09 07:00:08+00:00,0.0065,0.9935
2025-07-09 07:10:08+00:00,0.0065,0.9935
2025-07-09 07:20:07+00:00,0.0065,0.9935
2025-07-09 07:30:07+00:00,0.0065,0.9935
2025-07-09 07:40:07+00:00,0.0065,0.9935
2025-07-09 07:50:07+00:00,0.0065,0.9935
2025-07-09 08:00:08+00:00,0.0065,0.9935
2025-07-09 08:10:07+00:00,0.0065,0.9935
2025-07-09 08:20:07+00:00,0.0065,0.9935
2025-07-09 08:30:08+00:00,0.0065,0.9935
2025-07-09 08:40:07+00:00,0.0065,0.9935
2025-07-09 08:50:08+00:00,0.0065,0.9935
2025-07-09 09:00:07+00:00,0.0065,0.9935
2025-07-09 09:10:07+00:00,0.0065,0.9935
2025-07-09 09:20:07+00:00,0.0065,0.9935
2025-07-09 09:30:07+00:00,0.0065,0.9935
2025-07-09 09:40:07+00:00,0.0065,0.9935
2025-07-09 09:50:07+00:00,0.0065,0.9935
2025-07-09 10:00:07+00:00,0.0065,0.9935
2025-07-09 10:10:08+00:00,0.0065,0.9935
2025-07-09 10:20:08+00:00,0.0065,0.9935
2025-07-09 10:30:07+00:00,0.0065,0.9935
2025-07-09 10:40:08+00:00,0.0065,0.9935
2025-07-09 10:50:07+00:00,0.0065,0.9935
2025-07-09 11:00:08+00:00,0.0065,0.9935
2025-07-09 11:10:08+00:00,0.0065,0.9935
2025-07-09 11:20:08+00:00,0.0065,0.9935
2025-07-09 11:30:08+00:00,0.0065,0.9935
2025-07-09 11:40:08+00:00,0.0065,0.9935
2025-07-09 11:50:08+00:00,0.0065,0.9935
2025-07-09 12:00:08+00:00,0.0065,0.9935
2025-07-09 12:10:08+00:00,0.0065,0.9935
2025-07-09 12:20:08+00:00,0.0065,0.9935
2025-07-09 12:30:08+00:00,0.0065,0.9935
2025-07-09 12:40:09+00:00,0.0065,0.9935
2025-07-09 12:50:07+00:00,0.0065,0.9935
2025-07-09 13:00:08+00:00,0.0065,0.9935
2025-07-09 13:10:08+00:00,0.0065,0.9935
2025-07-09 13:20:07+00:00,0.0065,0.9935
2025-07-09 13:30:08+00:00,0.0065,0.9935
2025-07-09 13:40:07+00:00,0.0065,0.9935
2025-07-09 13:50:07+00:00,0.0065,0.9935
2025-07-09 14:00:07+00:00,0.0065,0.9935
2025-07-09 14:10:09+00:00,0.0065,0.9935
2025-07-09 14:20:09+00:00,0.0065,0.9935
2025-07-09 14:30:07+00:00,0.0065,0.9935
2025-07-09 14:40:08+00:00,0.0065,0.9935
2025-07-09 14:50:08+00:00,0.0065,0.9935
2025-07-09 15:00:08+00:00,0.0065,0.9935
2025-07-09 15:10:08+00:00,0.0065,0.9935
2025-07-09 15:20:08+00:00,0.0065,0.9935
2025-07-09 15:30:07+00:00,0.0065,0.9935
2025-07-09 15:40:08+00:00,0.0065,0.9935
2025-07-09 15:50:08+00:00,0.0065,0.9935
2025-07-09 16:00:09+00:00,0.0065,0.9935
2025-07-09 16:10:08+00:00,0.0065,0.9935
2025-07-09 16:20:08+00:00,0.0065,0.9935
2025-07-09 16:30:08+00:00,0.0065,0.9935
2025-07-09 16:40:09+00:00,0.0065,0.9935
2025-07-09 16:50:07+00:00,0.0065,0.9935
2025-07-09 17:00:08+00:00,0.0065,0.9935
2025-07-09 17:10:08+00:00,0.0065,0.9935
2025-07-09 17:20:07+00:00,0.0065,0.9935
2025-07-09 17:30:09+00:00,0.0065,0.9935
2025-07-09 17:40:09+00:00,0.0065,0.9935
2025-07-09 17:50:07+00:00,0.0065,0.9935
2025-07-09 18:00:07+00:00,0.0065,0.9935
2025-07-09 18:10:08+00:00,0.0065,0.9935
2025-07-09 18:20:08+00:00,0.0065,0.9935
2025-07-09 18:30:07+00:00,0.0065,0.9935
2025-07-09 18:40:08+00:00,0.0065,0.9935
2025-07-09 18:50:08+00:00,0.0065,0.9935
2025-07-09 19:00:08+00:00,0.0065,0.9935
2025-07-09 19:10:08+00:00,0.0065,0.9935
2025-07-09 19:20:08+00:00,0.0065,0.9935
2025-07-09 19:30:07+00:00,0.0065,0.9935
2025-07-09 19:40:08+00:00,0.0065,0.9935
2025-07-09 19:50:08+00:00,0.0065,0.9935
2025-07-09 20:00:07+00:00,0.0065,0.9935
2025-07-09 20:10:07+00:00,0.0065,0.9935
2025-07-09 20:20:08+00:00,0.0265,0.9735
2025-07-09 20:30:07+00:00,0.027,0.973
2025-07-09 20:40:08+00:00,0.0265,0.9735
2025-07-09 20:50:07+00:00,0.026,0.974
2025-07-09 21:00:08+00:00,0.026,0.974
2025-07-09 21:10:08+00:00,0.026,0.974
2025-07-09 21:20:08+00:00,0.026,0.974
2025-07-09 21:30:08+00:00,0.024,0.976
2025-07-09 21:40:09+00:00,0.0215,0.9785
2025-07-09 21:50:08+00:00,0.0215,0.9785
2025-07-09 22:00:08+00:00,0.021,0.979
2025-07-09 22:10:08+00:00,0.021,0.979
2025-07-09 22:20:08+00:00,0.021,0.979
2025-07-09 22:30:08+00:00,0.018,0.982
2025-07-09 22:40:08+00:00,0.0165,0.9835
2025-07-09 22:50:08+00:00,0.0165,0.9835
2025-07-09 23:00:08+00:00,0.016,0.984
2025-07-09 23:10:08+00:00,0.016,0.984
2025-07-09 23:20:07+00:00,0.013,0.987
2025-07-09 23:30:07+00:00,0.0115,0.9885
2025-07-09 23:40:08+00:00,0.0115,0.9885
2025-07-09 23:50:07+00:00,0.0105,0.9895
2025-07-10 00:00:08+00:00,0.0105,0.9895
2025-07-10 00:10:08+00:00,0.0105,0.9895
2025-07-10 00:20:09+00:00,0.0105,0.9895
2025-07-10 00:30:08+00:00,0.01,0.99
2025-07-10 00:40:07+00:00,0.009,0.991
2025-07-10 00:50:08+00:00,0.009,0.991
2025-07-10 01:00:08+00:00,0.009,0.991
2025-07-10 01:10:07+00:00,0.009,0.991
2025-07-10 01:20:08+00:00,0.008,0.992
2025-07-10 01:30:07+00:00,0.008,0.992
2025-07-10 01:40:08+00:00,0.008,0.992
2025-07-10 01:50:09+00:00,0.008,0.992
2025-07-10 02:00:08+00:00,0.008,0.992
2025-07-10 02:10:08+00:00,0.008,0.992
2025-07-10 02:20:08+00:00,0.008,0.992
2025-07-10 02:30:08+00:00,0.008,0.992
2025-07-10 02:40:08+00:00,0.008,0.992
2025-07-10 02:50:08+00:00,0.008,0.992
2025-07-10 03:00:08+00:00,0.008,0.992
2025-07-10 03:10:08+00:00,0.008,0.992
2025-07-10 03:20:08+00:00,0.008,0.992
2025-07-10 03:30:08+00:00,0.008,0.992
2025-07-10 03:40:06+00:00,0.008,0.992
2025-07-10 03:50:07+00:00,0.008,0.992
2025-07-10 04:00:09+00:00,0.008,0.992
2025-07-10 04:10:08+00:00,0.008,0.992
2025-07-10 04:20:08+00:00,0.008,0.992
2025-07-10 04:30:08+00:00,0.008,0.992
2025-07-10 04:40:46+00:00,0.008,0.992
2025-07-10 04:50:09+00:00,0.008,0.992
2025-07-10 05:00:08+00:00,0.008,0.992
2025-07-10 05:10:08+00:00,0.008,0.992
2025-07-10 05:20:08+00:00,0.0085,0.9915
2025-07-10 05:30:07+00:00,0.008,0.992
2025-07-10 05:40:14+00:00,0.008,0.992
2025-07-10 05:50:09+00:00,0.008,0.992
2025-07-10 06:00:08+00:00,0.008,0.992
2025-07-10 06:10:08+00:00,0.008,0.992
2025-07-10 06:20:59+00:00,0.008,0.992
2025-07-10 06:30:08+00:00,0.008,0.992
2025-07-10 06:40:08+00:00,0.008,0.992
2025-07-10 06:50:08+00:00,0.008,0.992
2025-07-10 07:00:08+00:00,0.008,0.992
2025-07-10 07:10:08+00:00,0.008,0.992
2025-07-10 07:20:07+00:00,0.008,0.992
2025-07-10 07:30:08+00:00,0.008,0.992
2025-07-10 07:40:07+00:00,0.008,0.992
2025-07-10 07:50:08+00:00,0.008,0.992
2025-07-10 08:00:07+00:00,0.008,0.992
2025-07-10 08:10:08+00:00,0.008,0.992
2025-07-10 08:20:07+00:00,0.008,0.992
2025-07-10 08:30:08+00:00,0.008,0.992
2025-07-10 08:40:09+00:00,0.008,0.992
2025-07-10 08:50:08+00:00,0.008,0.992
2025-07-10 09:00:07+00:00,0.008,0.992
2025-07-10 09:10:08+00:00,0.008,0.992
2025-07-10 09:20:07+00:00,0.008,0.992
2025-07-10 09:30:09+00:00,0.008,0.992
2025-07-10 09:40:09+00:00,0.008,0.992
2025-07-10 09:50:08+00:00,0.008,0.992
2025-07-10 10:00:08+00:00,0.008,0.992
2025-07-10 10:10:08+00:00,0.008,0.992
2025-07-10 10:20:08+00:00,0.008,0.992
2025-07-10 10:30:07+00:00,0.008,0.992
2025-07-10 10:40:08+00:00,0.008,0.992
2025-07-10 10:50:08+00:00,0.008,0.992
2025-07-10 11:00:08+00:00,0.008,0.992
2025-07-10 11:10:08+00:00,0.008,0.992
2025-07-10 11:20:08+00:00,0.008,0.992
2025-07-10 11:30:08+00:00,0.008,0.992
2025-07-10 11:40:08+00:00,0.008,0.992
2025-07-10 11:50:08+00:00,0.008,0.992
2025-07-10 12:00:08+00:00,0.008,0.992
2025-07-10 12:10:08+00:00,0.008,0.992
2025-07-10 12:20:08+00:00,0.008,0.992
2025-07-10 12:30:08+00:00,0.008,0.992
2025-07-10 12:40:08+00:00,0.008,0.992
2025-07-10 12:50:08+00:00,0.008,0.992
2025-07-10 13:00:07+00:00,0.008,0.992
2025-07-10 13:10:08+00:00,0.008,0.992
2025-07-10 13:20:08+00:00,0.008,0.992
2025-07-10 13:30:08+00:00,0.008,0.992
2025-07-10 13:40:07+00:00,0.008,0.992
2025-07-10 13:50:08+00:00,0.008,0.992
2025-07-10 14:00:08+00:00,0.008,0.992
2025-07-10 14:10:08+00:00,0.008,0.992
2025-07-10 14:20:08+00:00,0.008,0.992
2025-07-10 14:30:07+00:00,0.008,0.992
2025-07-10 14:40:07+00:00,0.008,0.992
2025-07-10 14:50:08+00:00,0.008,0.992
2025-07-10 15:00:07+00:00,0.008,0.992
2025-07-10 15:10:08+00:00,0.008,0.992
2025-07-10 15:20:07+00:00,0.008,0.992
2025-07-10 15:30:08+00:00,0.008,0.992
2025-07-10 15:40:08+00:00,0.008,0.992
2025-07-10 15:50:07+00:00,0.008,0.992
2025-07-10 16:00:07+00:00,0.008,0.992
2025-07-10 16:10:07+00:00,0.008,0.992
2025-07-10 16:20:08+00:00,0.008,0.992
2025-07-10 16:30:07+00:00,0.008,0.992
2025-07-10 16:40:08+00:00,0.008,0.992
2025-07-10 16:50:08+00:00,0.008,0.992
2025-07-10 17:00:08+00:00,0.008,0.992
2025-07-10 17:10:08+00:00,0.008,0.992
2025-07-10 17:20:08+00:00,0.008,0.992
2025-07-10 17:30:08+00:00,0.008,0.992
2025-07-10 17:40:08+00:00,0.008,0.992
2025-07-10 17:50:08+00:00,0.008,0.992
2025-07-10 18:00:08+00:00,0.008,0.992
2025-07-10 18:10:08+00:00,0.008,0.992
2025-07-10 18:20:07+00:00,0.008,0.992
2025-07-10 18:30:08+00:00,0.008,0.992
2025-07-10 18:40:08+00:00,0.008,0.992
2025-07-10 18:50:08+00:00,0.008,0.992
2025-07-10 19:00:08+00:00,0.008,0.992
2025-07-10 19:10:08+00:00,0.008,0.992
2025-07-10 19:20:08+00:00,0.008,0.992
2025-07-10 19:30:07+00:00,0.008,0.992
2025-07-10 19:40:08+00:00,0.008,0.992
2025-07-10 19:50:09+00:00,0.008,0.992
2025-07-10 20:00:09+00:00,0.008,0.992
2025-07-10 20:10:09+00:00,0.008,0.992
2025-07-10 20:20:07+00:00,0.008,0.992
2025-07-10 20:30:08+00:00,0.008,0.992
2025-07-10 20:40:08+00:00,0.008,0.992
2025-07-10 20:50:07+00:00,0.008,0.992
2025-07-10 21:00:08+00:00,0.008,0.992
2025-07-10 21:10:08+00:00,0.008,0.992
2025-07-10 21:20:08+00:00,0.008,0.992
2025-07-10 21:30:07+00:00,0.008,0.992
2025-07-10 21:40:08+00:00,0.008,0.992
2025-07-10 21:50:07+00:00,0.008,0.992
2025-07-10 22:00:07+00:00,0.008,0.992
2025-07-10 22:10:08+00:00,0.008,0.992
2025-07-10 22:20:07+00:00,0.008,0.992
2025-07-10 22:30:08+00:00,0.008,0.992
2025-07-10 22:40:08+00:00,0.008,0.992
2025-07-10 22:50:08+00:00,0.008,0.992
2025-07-10 23:00:08+00:00,0.008,0.992
2025-07-10 23:10:08+00:00,0.008,0.992
2025-07-10 23:20:08+00:00,0.008,0.992
2025-07-10 23:30:08+00:00,0.008,0.992
2025-07-10 23:40:08+00:00,0.008,0.992
2025-07-10 23:50:08+00:00,0.008,0.992
2025-07-11 00:00:08+00:00,0.008,0.992
2025-07-11 00:10:09+00:00,0.008,0.992
2025-07-11 00:20:09+00:00,0.008,0.992
2025-07-11 00:30:09+00:00,0.008,0.992
2025-07-11 00:40:08+00:00,0.008,0.992
2025-07-11 00:50:08+00:00,0.008,0.992
2025-07-11 01:00:08+00:00,0.008,0.992
2025-07-11 01:10:08+00:00,0.008,0.992
2025-07-11 01:20:09+00:00,0.008,0.992
2025-07-11 01:30:09+00:00,0.008,0.992
2025-07-11 01:40:08+00:00,0.008,0.992
2025-07-11 01:50:08+00:00,0.008,0.992
2025-07-11 02:00:08+00:00,0.008,0.992
2025-07-11 02:10:08+00:00,0.008,0.992
2025-07-11 02:20:08+00:00,0.008,0.992
2025-07-11 02:30:08+00:00,0.008,0.992
2025-07-11 02:40:07+00:00,0.008,0.992
2025-07-11 02:50:08+00:00,0.008,0.992
2025-07-11 03:00:08+00:00,0.008,0.992
2025-07-11 03:10:08+00:00,0.008,0.992
2025-07-11 03:20:08+00:00,0.008,0.992
2025-07-11 03:30:08+00:00,0.008,0.992
2025-07-11 03:40:07+00:00,0.008,0.992
2025-07-11 03:50:08+00:00,0.008,0.992
2025-07-11 04:00:08+00:00,0.008,0.992
2025-07-11 04:10:08+00:00,0.008,0.992
2025-07-11 04:20:07+00:00,0.008,0.992
2025-07-11 04:30:08+00:00,0.008,0.992
2025-07-11 04:40:07+00:00,0.008,0.992
2025-07-11 04:50:07+00:00,0.008,0.992
2025-07-11 05:00:08+00:00,0.008,0.992
2025-07-11 05:10:07+00:00,0.008,0.992
2025-07-11 05:20:08+00:00,0.008,0.992
2025-07-11 05:30:07+00:00,0.008,0.992
2025-07-11 05:40:08+00:00,0.008,0.992
2025-07-11 05:50:08+00:00,0.008,0.992
2025-07-11 06:00:08+00:00,0.008,0.992
2025-07-11 06:10:08+00:00,0.008,0.992
2025-07-11 06:20:08+00:00,0.008,0.992
2025-07-11 06:30:08+00:00,0.008,0.992
2025-07-11 06:40:07+00:00,0.008,0.992
2025-07-11 06:50:08+00:00,0.008,0.992
2025-07-11 07:00:07+00:00,0.008,0.992
2025-07-11 07:10:08+00:00,0.008,0.992
2025-07-11 07:20:07+00:00,0.008,0.992
2025-07-11 07:30:07+00:00,0.008,0.992
2025-07-11 07:40:07+00:00,0.008,0.992
2025-07-11 07:50:08+00:00,0.008,0.992
2025-07-11 08:00:08+00:00,0.008,0.992
2025-07-11 08:10:08+00:00,0.008,0.992
2025-07-11 08:20:08+00:00,0.008,0.992
2025-07-11 08:30:08+00:00,0.008,0.992
2025-07-11 08:40:08+00:00,0.008,0.992
2025-07-11 08:50:07+00:00,0.008,0.992
2025-07-11 09:00:09+00:00,0.008,0.992
2025-07-11 09:10:09+00:00,0.008,0.992
2025-07-11 09:20:08+00:00,0.008,0.992
2025-07-11 09:30:08+00:00,0.008,0.992
2025-07-11 09:40:08+00:00,0.008,0.992
2025-07-11 09:50:08+00:00,0.008,0.992
2025-07-11 10:00:08+00:00,0.008,0.992
2025-07-11 10:10:09+00:00,0.008,0.992
2025-07-11 10:20:08+00:00,0.008,0.992
2025-07-11 10:30:08+00:00,0.008,0.992
2025-07-11 10:40:09+00:00,0.008,0.992
2025-07-11 10:50:09+00:00,0.008,0.992
2025-07-11 11:00:09+00:00,0.008,0.992
2025-07-11 11:10:09+00:00,0.008,0.992
2025-07-11 11:20:09+00:00,0.008,0.992
2025-07-11 11:30:09+00:00,0.008,0.992
2025-07-11 11:40:09+00:00,0.008,0.992
2025-07-11 11:50:09+00:00,0.008,0.992
2025-07-11 12:00:09+00:00,0.008,0.992
2025-07-11 12:10:10+00:00,0.008,0.992
2025-07-11 12:20:09+00:00,0.008,0.992
2025-07-11 12:30:08+00:00,0.008,0.992
2025-07-11 12:40:09+00:00,0.008,0.992
2025-07-11 12:50:09+00:00,0.008,0.992
2025-07-11 13:00:09+00:00,0.008,0.992
2025-07-11 13:10:08+00:00,0.008,0.992
2025-07-11 13:20:09+00:00,0.008,0.992
2025-07-11 13:30:09+00:00,0.008,0.992
2025-07-11 13:40:08+00:00,0.008,0.992
2025-07-11 13:50:09+00:00,0.008,0.992
2025-07-11 14:00:08+00:00,0.008,0.992
2025-07-11 14:10:09+00:00,0.008,0.992
2025-07-11 14:20:08+00:00,0.008,0.992
2025-07-11 14:30:09+00:00,0.008,0.992
2025-07-11 14:40:09+00:00,0.008,0.992
2025-07-11 14:50:09+00:00,0.008,0.992
2025-07-11 15:00:09+00:00,0.008,0.992
2025-07-11 15:10:09+00:00,0.008,0.992
2025-07-11 15:20:09+00:00,0.008,0.992
2025-07-11 15:30:09+00:00,0.008,0.992
2025-07-11 15:40:09+00:00,0.008,0.992
2025-07-11 15:50:08+00:00,0.008,0.992
2025-07-11 16:00:08+00:00,0.008,0.992
2025-07-11 16:10:09+00:00,0.008,0.992
2025-07-11 16:20:08+00:00,0.008,0.992
2025-07-11 16:30:08+00:00,0.008,0.992
2025-07-11 16:40:08+00:00,0.008,0.992
2025-07-11 16:50:09+00:00,0.008,0.992
2025-07-11 17:00:09+00:00,0.008,0.992
2025-07-11 17:10:09+00:00,0.008,0.992
2025-07-11 17:20:08+00:00,0.008,0.992
2025-07-11 17:30:09+00:00,0.008,0.992
2025-07-11 17:40:09+00:00,0.008,0.992
2025-07-11 17:50:08+00:00,0.008,0.992
2025-07-11 18:00:08+00:00,0.008,0.992
2025-07-11 18:10:08+00:00,0.008,0.992
2025-07-11 18:20:10+00:00,0.008,0.992
2025-07-11 18:30:10+00:00,0.008,0.992
2025-07-11 18:40:09+00:00,0.008,0.992
2025-07-11 18:50:09+00:00,0.008,0.992
2025-07-11 19:00:08+00:00,0.008,0.992
2025-07-11 19:10:08+00:00,0.008,0.992
2025-07-11 19:20:09+00:00,0.008,0.992
2025-07-11 19:30:08+00:00,0.008,0.992
2025-07-11 19:40:09+00:00,0.008,0.992
2025-07-11 19:50:09+00:00,0.008,0.992
2025-07-11 20:00:09+00:00,0.008,0.992
2025-07-11 20:10:10+00:00,0.008,0.992
2025-07-11 20:20:09+00:00,0.008,0.992
2025-07-11 20:30:08+00:00,0.008,0.992
2025-07-11 20:40:08+00:00,0.008,0.992
2025-07-11 20:50:08+00:00,0.008,0.992
2025-07-11 21:00:08+00:00,0.008,0.992
2025-07-11 21:10:09+00:00,0.008,0.992
2025-07-11 21:20:09+00:00,0.008,0.992
2025-07-11 21:30:09+00:00,0.008,0.992
2025-07-11 21:40:09+00:00,0.008,0.992
2025-07-11 21:50:09+00:00,0.008,0.992
2025-07-11 22:00:08+00:00,0.008,0.992
2025-07-11 22:10:08+00:00,0.008,0.992
2025-07-11 22:20:08+00:00,0.008,0.992
2025-07-11 22:30:09+00:00,0.008,0.992
2025-07-11 22:40:09+00:00,0.008,0.992
2025-07-11 22:50:08+00:00,0.008,0.992
2025-07-11 23:00:08+00:00,0.008,0.992
2025-07-11 23:10:08+00:00,0.008,0.992
2025-07-11 23:20:08+00:00,0.008,0.992
2025-07-11 23:30:08+00:00,0.008,0.992
2025-07-11 23:40:09+00:00,0.0075,0.9925
2025-07-11 23:50:09+00:00,0.0075,0.9925
2025-07-12 00:00:09+00:00,0.007,0.993
2025-07-12 00:10:09+00:00,0.007,0.993
2025-07-12 00:20:08+00:00,0.007,0.993
2025-07-12 00:30:09+00:00,0.007,0.993
2025-07-12 00:40:09+00:00,0.007,0.993
2025-07-12 00:50:09+00:00,0.007,0.993
2025-07-12 01:00:08+00:00,0.007,0.993
2025-07-12 01:10:09+00:00,0.007,0.993
2025-07-12 01:20:08+00:00,0.007,0.993
2025-07-12 01:30:08+00:00,0.007,0.993
2025-07-12 01:40:09+00:00,0.007,0.993
2025-07-12 01:50:08+00:00,0.007,0.993
2025-07-12 02:00:08+00:00,0.007,0.993
2025-07-12 02:10:09+00:00,0.007,0.993
2025-07-12 02:20:08+00:00,0.007,0.993
2025-07-12 02:30:09+00:00,0.007,0.993
2025-07-12 02:40:08+00:00,0.007,0.993
2025-07-12 02:50:08+00:00,0.007,0.993
2025-07-12 03:00:08+00:00,0.007,0.993
2025-07-12 03:10:09+00:00,0.007,0.993
2025-07-12 03:20:08+00:00,0.007,0.993
2025-07-12 03:30:09+00:00,0.007,0.993
2025-07-12 03:40:09+00:00,0.007,0.993
2025-07-12 03:50:08+00:00,0.007,0.993
2025-07-12 04:00:09+00:00,0.007,0.993
2025-07-12 04:10:08+00:00,0.007,0.993
2025-07-12 04:20:08+00:00,0.007,0.993
2025-07-12 04:30:09+00:00,0.007,0.993
2025-07-12 04:40:09+00:00,0.007,0.993
2025-07-12 04:50:08+00:00,0.007,0.993
2025-07-12 05:00:08+00:00,0.007,0.993
2025-07-12 05:10:09+00:00,0.007,0.993
2025-07-12 05:20:08+00:00,0.007,0.993
2025-07-12 05:30:09+00:00,0.007,0.993
2025-07-12 05:40:08+00:00,0.007,0.993
2025-07-12 05:50:08+00:00,0.007,0.993
2025-07-12 06:00:08+00:00,0.007,0.993
2025-07-12 06:10:09+00:00,0.007,0.993
2025-07-12 06:20:09+00:00,0.007,0.993
2025-07-12 06:30:08+00:00,0.007,0.993
2025-07-12 06:40:09+00:00,0.007,0.993
2025-07-12 06:50:08+00:00,0.007,0.993
2025-07-12 07:00:09+00:00,0.007,0.993
2025-07-12 07:10:09+00:00,0.007,0.993
2025-07-12 07:20:07+00:00,0.007,0.993
2025-07-12 07:30:08+00:00,0.007,0.993
2025-07-12 07:40:09+00:00,0.007,0.993
2025-07-12 07:50:07+00:00,0.007,0.993
2025-07-12 08:00:08+00:00,0.007,0.993
2025-07-12 08:10:09+00:00,0.007,0.993
2025-07-12 08:20:09+00:00,0.007,0.993
2025-07-12 08:30:08+00:00,0.007,0.993
2025-07-12 08:40:08+00:00,0.007,0.993
2025-07-12 08:50:08+00:00,0.007,0.993
2025-07-12 09:00:09+00:00,0.007,0.993
2025-07-12 09:10:10+00:00,0.007,0.993
2025-07-12 09:20:08+00:00,0.007,0.993
2025-07-12 09:30:07+00:00,0.007,0.993
2025-07-12 09:40:09+00:00,0.007,0.993
2025-07-12 09:50:09+00:00,0.007,0.993
2025-07-12 10:00:08+00:00,0.007,0.993
2025-07-12 10:10:08+00:00,0.007,0.993
2025-07-12 10:20:08+00:00,0.007,0.993
2025-07-12 10:30:08+00:00,0.007,0.993
2025-07-12 10:40:09+00:00,0.007,0.993
2025-07-12 10:50:08+00:00,0.007,0.993
2025-07-12 11:00:07+00:00,0.007,0.993
2025-07-12 11:10:09+00:00,0.007,0.993
2025-07-12 11:20:08+00:00,0.007,0.993
2025-07-12 11:30:09+00:00,0.007,0.993
2025-07-12 11:40:08+00:00,0.007,0.993
2025-07-12 11:50:09+00:00,0.007,0.993
2025-07-12 12:00:08+00:00,0.007,0.993
2025-07-12 12:10:09+00:00,0.007,0.993
2025-07-12 12:20:08+00:00,0.007,0.993
2025-07-12 12:30:09+00:00,0.007,0.993
2025-07-12 12:40:10+00:00,0.007,0.993
2025-07-12 12:50:09+00:00,0.007,0.993
2025-07-12 13:00:08+00:00,0.007,0.993
2025-07-12 13:10:08+00:00,0.007,0.993
2025-07-12 13:20:08+00:00,0.007,0.993
2025-07-12 13:30:09+00:00,0.007,0.993
2025-07-12 13:40:08+00:00,0.007,0.993
2025-07-12 13:50:10+00:00,0.007,0.993
2025-07-12 14:00:09+00:00,0.007,0.993
2025-07-12 14:10:08+00:00,0.007,0.993
2025-07-12 14:20:09+00:00,0.007,0.993
2025-07-12 14:30:09+00:00,0.007,0.993
2025-07-12 14:40:09+00:00,0.007,0.993
2025-07-12 14:50:09+00:00,0.007,0.993
2025-07-12 15:00:07+00:00,0.007,0.993
2025-07-12 15:10:08+00:00,0.006,0.994
2025-07-12 15:20:09+00:00,0.006,0.994
2025-07-12 15:30:08+00:00,0.006,0.994
2025-07-12 15:40:09+00:00,0.006,0.994
2025-07-12 15:50:09+00:00,0.006,0.994
2025-07-12 16:00:09+00:00,0.006,0.994
2025-07-12 16:10:09+00:00,0.006,0.994
2025-07-12 16:20:07+00:00,0.006,0.994
2025-07-12 16:30:08+00:00,0.006,0.994
2025-07-12 16:40:08+00:00,0.007,0.993
2025-07-12 16:50:09+00:00,0.007,0.993
2025-07-12 17:00:08+00:00,0.007,0.993
2025-07-12 17:10:09+00:00,0.007,0.993
2025-07-12 17:20:08+00:00,0.007,0.993
2025-07-12 17:30:07+00:00,0.007,0.993
2025-07-12 17:40:09+00:00,0.007,0.993
2025-07-12 17:50:09+00:00,0.007,0.993
2025-07-12 18:00:08+00:00,0.007,0.993
2025-07-12 18:10:08+00:00,0.007,0.993
2025-07-12 18:20:09+00:00,0.007,0.993
2025-07-12 18:30:08+00:00,0.007,0.993
2025-07-12 18:40:08+00:00,0.007,0.993
2025-07-12 18:50:09+00:00,0.007,0.993
2025-07-12 19:00:08+00:00,0.007,0.993
2025-07-12 19:10:08+00:00,0.007,0.993
2025-07-12 19:20:08+00:00,0.007,0.993
2025-07-12 19:30:08+00:00,0.007,0.993
2025-07-12 19:40:08+00:00,0.007,0.993
2025-07-12 19:50:09+00:00,0.007,0.993
2025-07-12 20:00:07+00:00,0.007,0.993
2025-07-12 20:10:09+00:00,0.007,0.993
2025-07-12 20:20:08+00:00,0.007,0.993
2025-07-12 20:30:09+00:00,0.007,0.993
2025-07-12 20:40:08+00:00,0.007,0.993
2025-07-12 20:50:08+00:00,0.007,0.993
2025-07-12 21:00:08+00:00,0.007,0.993
2025-07-12 21:10:07+00:00,0.007,0.993
2025-07-12 21:20:08+00:00,0.007,0.993
2025-07-12 21:30:07+00:00,0.007,0.993
2025-07-12 21:40:08+00:00,0.007,0.993
2025-07-12 21:50:08+00:00,0.007,0.993
2025-07-12 22:00:08+00:00,0.007,0.993
2025-07-12 22:10:08+00:00,0.007,0.993
2025-07-12 22:20:09+00:00,0.007,0.993
2025-07-12 22:30:09+00:00,0.007,0.993
2025-07-12 22:40:08+00:00,0.007,0.993
2025-07-12 22:50:08+00:00,0.007,0.993
2025-07-12 23:00:08+00:00,0.007,0.993
2025-07-12 23:10:08+00:00,0.007,0.993
2025-07-12 23:20:08+00:00,0.007,0.993
2025-07-12 23:30:08+00:00,0.007,0.993
2025-07-12 23:40:07+00:00,0.007,0.993
2025-07-12 23:50:08+00:00,0.007,0.993
2025-07-13 00:00:08+00:00,0.007,0.993
2025-07-13 00:10:08+00:00,0.007,0.993
2025-07-13 00:20:08+00:00,0.007,0.993
2025-07-13 00:30:08+00:00,0.007,0.993
2025-07-13 00:40:09+00:00,0.007,0.993
2025-07-13 00:50:09+00:00,0.007,0.993
2025-07-13 01:00:08+00:00,0.007,0.993
2025-07-13 01:10:08+00:00,0.007,0.993
2025-07-13 01:20:08+00:00,0.007,0.993
2025-07-13 01:30:08+00:00,0.007,0.993
2025-07-13 01:40:08+00:00,0.007,0.993
2025-07-13 01:50:09+00:00,0.007,0.993
2025-07-13 02:00:08+00:00,0.007,0.993
2025-07-13 02:10:07+00:00,0.007,0.993
2025-07-13 02:20:10+00:00,0.007,0.993
2025-07-13 02:30:08+00:00,0.007,0.993
2025-07-13 02:40:09+00:00,0.007,0.993
2025-07-13 02:50:08+00:00,0.007,0.993
2025-07-13 03:00:08+00:00,0.007,0.993
2025-07-13 03:10:08+00:00,0.007,0.993
2025-07-13 03:20:08+00:00,0.007,0.993
2025-07-13 03:30:08+00:00,0.007,0.993
2025-07-13 03:40:08+00:00,0.007,0.993
2025-07-13 03:50:09+00:00,0.007,0.993
2025-07-13 04:00:08+00:00,0.007,0.993
2025-07-13 04:10:08+00:00,0.007,0.993
2025-07-13 04:20:09+00:00,0.007,0.993
2025-07-13 04:30:08+00:00,0.007,0.993
2025-07-13 04:40:08+00:00,0.007,0.993
2025-07-13 04:50:08+00:00,0.007,0.993
2025-07-13 05:00:08+00:00,0.007,0.993
2025-07-13 05:10:09+00:00,0.007,0.993
2025-07-13 05:20:08+00:00,0.007,0.993
2025-07-13 05:30:08+00:00,0.007,0.993
2025-07-13 05:40:08+00:00,0.007,0.993
2025-07-13 05:50:08+00:00,0.007,0.993
2025-07-13 06:00:07+00:00,0.007,0.993
2025-07-13 06:10:09+00:00,0.007,0.993
2025-07-13 06:20:08+00:00,0.007,0.993
2025-07-13 06:30:09+00:00,0.007,0.993
2025-07-13 06:40:07+00:00,0.007,0.993
2025-07-13 06:50:07+00:00,0.007,0.993
2025-07-13 07:00:08+00:00,0.007,0.993
2025-07-13 07:10:08+00:00,0.007,0.993
2025-07-13 07:20:08+00:00,0.007,0.993
2025-07-13 07:30:08+00:00,0.007,0.993
2025-07-13 07:40:08+00:00,0.007,0.993
2025-07-13 07:50:08+00:00,0.007,0.993
2025-07-13 08:00:08+00:00,0.007,0.993
2025-07-13 08:10:08+00:00,0.007,0.993
2025-07-13 08:20:07+00:00,0.007,0.993
2025-07-13 08:30:08+00:00,0.007,0.993
2025-07-13 08:40:08+00:00,0.007,0.993
2025-07-13 08:50:08+00:00,0.007,0.993
2025-07-13 09:00:08+00:00,0.007,0.993
2025-07-13 09:10:08+00:00,0.007,0.993
2025-07-13 09:20:08+00:00,0.007,0.993
2025-07-13 09:30:09+00:00,0.007,0.993
2025-07-13 09:40:08+00:00,0.007,0.993
2025-07-13 09:50:08+00:00,0.007,0.993
2025-07-13 10:00:08+00:00,0.007,0.993
2025-07-13 10:10:08+00:00,0.007,0.993
2025-07-13 10:20:08+00:00,0.007,0.993
2025-07-13 10:30:08+00:00,0.007,0.993
2025-07-13 10:40:08+00:00,0.007,0.993
2025-07-13 10:50:08+00:00,0.007,0.993
2025-07-13 11:00:08+00:00,0.007,0.993
2025-07-13 11:10:07+00:00,0.007,0.993
2025-07-13 11:20:08+00:00,0.007,0.993
2025-07-13 11:30:08+00:00,0.007,0.993
2025-07-13 11:40:08+00:00,0.007,0.993
2025-07-13 11:50:08+00:00,0.007,0.993
2025-07-13 12:00:07+00:00,0.007,0.993
2025-07-13 12:10:09+00:00,0.007,0.993
2025-07-13 12:20:09+00:00,0.007,0.993
2025-07-13 12:30:08+00:00,0.007,0.993
2025-07-13 12:40:08+00:00,0.007,0.993
2025-07-13 12:50:08+00:00,0.007,0.993
2025-07-13 13:00:08+00:00,0.007,0.993
2025-07-13 13:10:07+00:00,0.007,0.993
2025-07-13 13:20:07+00:00,0.007,0.993
2025-07-13 13:30:08+00:00,0.007,0.993
2025-07-13 13:40:08+00:00,0.007,0.993
2025-07-13 13:50:08+00:00,0.007,0.993
2025-07-13 14:00:07+00:00,0.007,0.993
2025-07-13 14:10:08+00:00,0.007,0.993
2025-07-13 14:20:07+00:00,0.007,0.993
2025-07-13 14:30:08+00:00,0.007,0.993
2025-07-13 14:40:08+00:00,0.0065,0.9935
2025-07-13 14:50:09+00:00,0.0065,0.9935
2025-07-13 15:00:08+00:00,0.0065,0.9935
2025-07-13 15:10:08+00:00,0.0065,0.9935
2025-07-13 15:20:07+00:00,0.0065,0.9935
2025-07-13 15:30:09+00:00,0.0065,0.9935
2025-07-13 15:40:08+00:00,0.0065,0.9935
2025-07-13 15:50:08+00:00,0.0065,0.9935
2025-07-13 16:00:08+00:00,0.0085,0.9915
2025-07-13 16:10:08+00:00,0.0085,0.9915
2025-07-13 16:20:08+00:00,0.0085,0.9915
2025-07-13 16:30:08+00:00,0.0085,0.9915
2025-07-13 16:40:08+00:00,0.0085,0.9915
2025-07-13 16:50:08+00:00,0.0085,0.9915
2025-07-13 17:00:08+00:00,0.0085,0.9915
2025-07-13 17:10:08+00:00,0.0085,0.9915
2025-07-13 17:20:07+00:00,0.0085,0.9915
2025-07-13 17:30:08+00:00,0.0085,0.9915
2025-07-13 17:40:08+00:00,0.0085,0.9915
2025-07-13 17:50:07+00:00,0.0085,0.9915
2025-07-13 18:00:08+00:00,0.0085,0.9915
2025-07-13 18:10:08+00:00,0.0085,0.9915
2025-07-13 18:20:08+00:00,0.0085,0.9915
2025-07-13 18:30:09+00:00,0.0085,0.9915
2025-07-13 18:40:08+00:00,0.0085,0.9915
2025-07-13 18:50:08+00:00,0.0085,0.9915
2025-07-13 19:00:08+00:00,0.0085,0.9915
2025-07-13 19:10:08+00:00,0.0085,0.9915
2025-07-13 19:20:08+00:00,0.0085,0.9915
2025-07-13 19:30:08+00:00,0.0085,0.9915
2025-07-13 19:40:08+00:00,0.0085,0.9915
2025-07-13 19:50:08+00:00,0.0085,0.9915
2025-07-13 20:00:08+00:00,0.0085,0.9915
2025-07-13 20:10:07+00:00,0.0085,0.9915
2025-07-13 20:20:09+00:00,0.0085,0.9915
2025-07-13 20:30:08+00:00,0.0085,0.9915
2025-07-13 20:40:07+00:00,0.0085,0.9915
2025-07-13 20:50:09+00:00,0.0085,0.9915
2025-07-13 21:00:08+00:00,0.0085,0.9915
2025-07-13 21:10:08+00:00,0.0085,0.9915
2025-07-13 21:20:08+00:00,0.0085,0.9915
2025-07-13 21:30:07+00:00,0.0085,0.9915
2025-07-13 21:40:08+00:00,0.0085,0.9915
2025-07-13 21:50:08+00:00,0.0085,0.9915
2025-07-13 22:00:06+00:00,0.0085,0.9915
2025-07-13 22:10:08+00:00,0.0085,0.9915
2025-07-13 22:20:07+00:00,0.0085,0.9915
2025-07-13 22:30:08+00:00,0.0085,0.9915
2025-07-13 22:40:08+00:00,0.0085,0.9915
2025-07-13 22:50:07+00:00,0.0085,0.9915
2025-07-13 23:00:06+00:00,0.0085,0.9915
2025-07-13 23:10:08+00:00,0.0085,0.9915
2025-07-13 23:20:08+00:00,0.0085,0.9915
2025-07-13 23:30:08+00:00,0.0085,0.9915
2025-07-13 23:40:08+00:00,0.0085,0.9915
2025-07-13 23:50:07+00:00,0.0085,0.9915
2025-07-14 00:00:07+00:00,0.0085,0.9915
2025-07-14 00:10:07+00:00,0.0085,0.9915
2025-07-14 00:20:07+00:00,0.0085,0.9915
2025-07-14 00:30:07+00:00,0.0085,0.9915
2025-07-14 00:40:07+00:00,0.0085,0.9915
2025-07-14 00:50:08+00:00,0.0085,0.9915
2025-07-14 01:00:07+00:00,0.0085,0.9915
2025-07-14 01:10:07+00:00,0.0085,0.9915
2025-07-14 01:20:08+00:00,0.0085,0.9915
2025-07-14 01:30:07+00:00,0.0085,0.9915
2025-07-14 01:40:07+00:00,0.0085,0.9915
2025-07-14 01:50:07+00:00,0.0085,0.9915
2025-07-14 02:00:07+00:00,0.0085,0.9915
2025-07-14 02:10:07+00:00,0.0085,0.9915
2025-07-14 02:20:08+00:00,0.0085,0.9915
2025-07-14 02:30:07+00:00,0.0085,0.9915
2025-07-14 02:40:08+00:00,0.0085,0.9915
2025-07-14 02:50:07+00:00,0.0085,0.9915
2025-07-14 03:00:07+00:00,0.0085,0.9915
2025-07-14 03:10:07+00:00,0.0085,0.9915
2025-07-14 03:20:07+00:00,0.0085,0.9915
2025-07-14 03:30:07+00:00,0.0085,0.9915
2025-07-14 03:40:07+00:00,0.0085,0.9915
2025-07-14 03:50:06+00:00,0.0085,0.9915
2025-07-14 04:00:08+00:00,0.0085,0.9915
2025-07-14 04:10:07+00:00,0.0085,0.9915
2025-07-14 04:20:06+00:00,0.0085,0.9915
2025-07-14 04:30:07+00:00,0.0085,0.9915
2025-07-14 04:40:07+00:00,0.0085,0.9915
2025-07-14 04:50:07+00:00,0.0085,0.9915
2025-07-14 05:00:07+00:00,0.0085,0.9915
2025-07-14 05:10:07+00:00,0.0085,0.9915
2025-07-14 05:20:07+00:00,0.0085,0.9915
2025-07-14 05:30:06+00:00,0.0085,0.9915
2025-07-14 05:40:07+00:00,0.0085,0.9915
2025-07-14 05:50:07+00:00,0.0085,0.9915
2025-07-14 06:00:07+00:00,0.0085,0.9915
2025-07-14 06:10:07+00:00,0.0085,0.9915
2025-07-14 06:20:07+00:00,0.0085,0.9915
2025-07-14 06:30:06+00:00,0.0085,0.9915
2025-07-14 06:40:07+00:00,0.0085,0.9915
2025-07-14 06:50:07+00:00,0.0085,0.9915
2025-07-14 07:00:06+00:00,0.0085,0.9915
2025-07-14 07:10:07+00:00,0.0085,0.9915
2025-07-14 07:20:07+00:00,0.0085,0.9915
2025-07-14 07:30:06+00:00,0.0085,0.9915
2025-07-14 07:40:07+00:00,0.0085,0.9915
2025-07-14 07:50:07+00:00,0.0085,0.9915
2025-07-14 08:00:07+00:00,0.0085,0.9915
2025-07-14 08:10:07+00:00,0.0085,0.9915
2025-07-14 08:20:07+00:00,0.0085,0.9915
2025-07-14 08:30:07+00:00,0.0085,0.9915
2025-07-14 08:40:06+00:00,0.0085,0.9915
2025-07-14 08:50:07+00:00,0.0085,0.9915
2025-07-14 09:00:07+00:00,0.0085,0.9915
2025-07-14 09:10:07+00:00,0.0085,0.9915
2025-07-14 09:20:06+00:00,0.0085,0.9915
2025-07-14 09:30:07+00:00,0.0085,0.9915
2025-07-14 09:40:06+00:00,0.0085,0.9915
2025-07-14 09:50:07+00:00,0.0085,0.9915
2025-07-14 10:00:07+00:00,0.0085,0.9915
2025-07-14 10:10:07+00:00,0.0085,0.9915
2025-07-14 10:20:07+00:00,0.0085,0.9915
2025-07-14 10:30:06+00:00,0.0085,0.9915
2025-07-14 10:40:08+00:00,0.0085,0.9915
2025-07-14 10:50:07+00:00,0.0085,0.9915
2025-07-14 11:00:07+00:00,0.0085,0.9915
2025-07-14 11:10:07+00:00,0.0085,0.9915
2025-07-14 11:20:07+00:00,0.0085,0.9915
2025-07-14 11:30:07+00:00,0.0085,0.9915
2025-07-14 11:40:06+00:00,0.0085,0.9915
2025-07-14 11:50:06+00:00,0.0085,0.9915
2025-07-14 12:00:07+00:00,0.0085,0.9915
2025-07-14 12:10:07+00:00,0.0085,0.9915
2025-07-14 12:20:07+00:00,0.0085,0.9915
2025-07-14 12:30:07+00:00,0.0085,0.9915
2025-07-14 12:40:07+00:00,0.0085,0.9915
2025-07-14 12:50:07+00:00,0.0085,0.9915
2025-07-14 13:00:07+00:00,0.0085,0.9915
2025-07-14 13:10:08+00:00,0.0085,0.9915
2025-07-14 13:20:08+00:00,0.0095,0.9905
2025-07-14 13:30:08+00:00,0.0075,0.9925
2025-07-14 13:40:08+00:00,0.008,0.992
2025-07-14 13:50:08+00:00,0.007,0.993
2025-07-14 14:00:08+00:00,0.007,0.993
2025-07-14 14:10:08+00:00,0.007,0.993
2025-07-14 14:20:07+00:00,0.007,0.993
2025-07-14 14:30:08+00:00,0.007,0.993
2025-07-14 14:40:08+00:00,0.007,0.993
2025-07-14 14:50:08+00:00,0.007,0.993
2025-07-14 15:00:07+00:00,0.007,0.993
2025-07-14 15:10:07+00:00,0.007,0.993
2025-07-14 15:20:08+00:00,0.007,0.993
2025-07-14 15:30:07+00:00,0.007,0.993
2025-07-14 15:40:07+00:00,0.007,0.993
2025-07-14 15:50:09+00:00,0.007,0.993
2025-07-14 16:00:07+00:00,0.007,0.993
2025-07-14 16:10:08+00:00,0.007,0.993
2025-07-14 16:20:07+00:00,0.007,0.993
2025-07-14 16:30:07+00:00,0.007,0.993
2025-07-14 16:40:08+00:00,0.007,0.993
2025-07-14 16:50:08+00:00,0.007,0.993
2025-07-14 17:00:07+00:00,0.007,0.993
2025-07-14 17:10:08+00:00,0.007,0.993
2025-07-14 17:20:07+00:00,0.007,0.993
2025-07-14 17:30:07+00:00,0.007,0.993
2025-07-14 17:40:08+00:00,0.007,0.993
2025-07-14 17:50:07+00:00,0.007,0.993
2025-07-14 18:00:07+00:00,0.007,0.993
2025-07-14 18:10:07+00:00,0.007,0.993
2025-07-14 18:20:07+00:00,0.007,0.993
2025-07-14 18:30:07+00:00,0.007,0.993
2025-07-14 18:40:07+00:00,0.007,0.993
2025-07-14 18:50:08+00:00,0.007,0.993
2025-07-14 19:00:07+00:00,0.007,0.993
2025-07-14 19:10:08+00:00,0.007,0.993
2025-07-14 19:20:07+00:00,0.007,0.993
2025-07-14 19:30:07+00:00,0.007,0.993
2025-07-14 19:40:08+00:00,0.007,0.993
2025-07-14 19:50:07+00:00,0.007,0.993
2025-07-14 20:00:07+00:00,0.007,0.993
2025-07-14 20:10:07+00:00,0.007,0.993
2025-07-14 20:20:07+00:00,0.007,0.993
2025-07-14 20:30:07+00:00,0.007,0.993
2025-07-14 20:40:07+00:00,0.007,0.993
2025-07-14 20:50:07+00:00,0.007,0.993
2025-07-14 21:00:07+00:00,0.007,0.993
2025-07-14 21:10:07+00:00,0.007,0.993
2025-07-14 21:20:08+00:00,0.007,0.993
2025-07-14 21:30:07+00:00,0.007,0.993
2025-07-14 21:40:07+00:00,0.007,0.993
2025-07-14 21:50:07+00:00,0.007,0.993
2025-07-14 22:00:07+00:00,0.007,0.993
2025-07-14 22:10:07+00:00,0.007,0.993
2025-07-14 22:20:07+00:00,0.007,0.993
2025-07-14 22:30:07+00:00,0.007,0.993
2025-07-14 22:40:07+00:00,0.007,0.993
2025-07-14 22:50:08+00:00,0.007,0.993
2025-07-14 23:00:07+00:00,0.007,0.993
2025-07-14 23:10:07+00:00,0.007,0.993
2025-07-14 23:20:08+00:00,0.007,0.993
2025-07-14 23:30:07+00:00,0.007,0.993
2025-07-14 23:40:07+00:00,0.007,0.993
2025-07-14 23:50:07+00:00,0.007,0.993
2025-07-15 00:00:08+00:00,0.007,0.993
2025-07-15 00:10:07+00:00,0.007,0.993
2025-07-15 00:20:08+00:00,0.007,0.993
2025-07-15 00:30:08+00:00,0.007,0.993
2025-07-15 00:40:08+00:00,0.007,0.993
2025-07-15 00:50:08+00:00,0.007,0.993
2025-07-15 01:00:07+00:00,0.007,0.993
2025-07-15 01:10:08+00:00,0.007,0.993
2025-07-15 01:20:08+00:00,0.007,0.993
2025-07-15 01:30:08+00:00,0.007,0.993
2025-07-15 01:40:08+00:00,0.007,0.993
2025-07-15 01:50:06+00:00,0.007,0.993
2025-07-15 02:00:07+00:00,0.007,0.993
2025-07-15 02:10:08+00:00,0.007,0.993
2025-07-15 02:20:08+00:00,0.007,0.993
2025-07-15 02:30:07+00:00,0.007,0.993
2025-07-15 02:40:07+00:00,0.007,0.993
2025-07-15 02:50:08+00:00,0.007,0.993
2025-07-15 03:00:07+00:00,0.007,0.993
2025-07-15 03:10:07+00:00,0.007,0.993
2025-07-15 03:20:07+00:00,0.007,0.993
2025-07-15 03:30:06+00:00,0.007,0.993
2025-07-15 03:40:07+00:00,0.007,0.993
2025-07-15 03:50:07+00:00,0.007,0.993
2025-07-15 04:00:07+00:00,0.007,0.993
2025-07-15 04:10:08+00:00,0.007,0.993
2025-07-15 04:20:07+00:00,0.007,0.993
2025-07-15 04:30:07+00:00,0.007,0.993
2025-07-15 04:40:07+00:00,0.007,0.993
2025-07-15 04:50:08+00:00,0.007,0.993
2025-07-15 05:00:08+00:00,0.007,0.993
2025-07-15 05:10:07+00:00,0.007,0.993
2025-07-15 05:20:07+00:00,0.007,0.993
2025-07-15 05:30:08+00:00,0.007,0.993
2025-07-15 05:40:07+00:00,0.007,0.993
2025-07-15 05:50:07+00:00,0.007,0.993
2025-07-15 06:00:08+00:00,0.007,0.993
2025-07-15 06:10:07+00:00,0.007,0.993
2025-07-15 06:20:07+00:00,0.007,0.993
2025-07-15 06:30:08+00:00,0.007,0.993
2025-07-15 06:40:07+00:00,0.007,0.993
2025-07-15 06:50:07+00:00,0.007,0.993
2025-07-15 07:00:08+00:00,0.007,0.993
2025-07-15 07:10:08+00:00,0.007,0.993
2025-07-15 07:20:07+00:00,0.007,0.993
2025-07-15 07:30:07+00:00,0.007,0.993
2025-07-15 07:40:08+00:00,0.007,0.993
2025-07-15 07:50:07+00:00,0.007,0.993
2025-07-15 08:00:07+00:00,0.007,0.993
2025-07-15 08:10:07+00:00,0.007,0.993
2025-07-15 08:20:08+00:00,0.007,0.993
2025-07-15 08:30:07+00:00,0.007,0.993
2025-07-15 08:40:07+00:00,0.007,0.993
2025-07-15 08:50:08+00:00,0.007,0.993
2025-07-15 09:00:07+00:00,0.007,0.993
2025-07-15 09:10:07+00:00,0.007,0.993
2025-07-15 09:20:08+00:00,0.007,0.993
2025-07-15 09:30:07+00:00,0.007,0.993
2025-07-15 09:40:07+00:00,0.007,0.993
2025-07-15 09:50:08+00:00,0.007,0.993
2025-07-15 10:00:06+00:00,0.007,0.993
2025-07-15 10:10:08+00:00,0.007,0.993
2025-07-15 10:20:08+00:00,0.007,0.993
2025-07-15 10:30:08+00:00,0.007,0.993
2025-07-15 10:40:07+00:00,0.007,0.993
2025-07-15 10:50:07+00:00,0.007,0.993
2025-07-15 11:00:08+00:00,0.007,0.993
2025-07-15 11:10:08+00:00,0.007,0.993
2025-07-15 11:20:08+00:00,0.007,0.993
2025-07-15 11:30:07+00:00,0.007,0.993
2025-07-15 11:40:08+00:00,0.007,0.993
2025-07-15 11:50:09+00:00,0.007,0.993
2025-07-15 12:00:08+00:00,0.007,0.993
2025-07-15 12:10:08+00:00,0.007,0.993
2025-07-15 12:20:07+00:00,0.007,0.993
2025-07-15 12:30:08+00:00,0.007,0.993
2025-07-15 12:40:08+00:00,0.007,0.993
2025-07-15 12:50:07+00:00,0.007,0.993
2025-07-15 13:00:07+00:00,0.007,0.993
2025-07-15 13:10:07+00:00,0.007,0.993
2025-07-15 13:20:08+00:00,0.007,0.993
2025-07-15 13:30:08+00:00,0.007,0.993
2025-07-15 13:40:08+00:00,0.007,0.993
2025-07-15 13:50:08+00:00,0.007,0.993
2025-07-15 14:00:08+00:00,0.007,0.993
2025-07-15 14:10:07+00:00,0.007,0.993
2025-07-15 14:20:08+00:00,0.007,0.993
2025-07-15 14:30:08+00:00,0.007,0.993
2025-07-15 14:40:08+00:00,0.007,0.993
2025-07-15 14:50:08+00:00,0.007,0.993
2025-07-15 15:00:07+00:00,0.007,0.993
2025-07-15 15:10:08+00:00,0.007,0.993
2025-07-15 15:20:08+00:00,0.007,0.993
2025-07-15 15:30:08+00:00,0.007,0.993
2025-07-15 15:40:08+00:00,0.0065,0.9935
2025-07-15 15:50:07+00:00,0.0035,0.9965
2025-07-15 16:00:07+00:00,0.0035,0.9965
2025-07-15 16:10:07+00:00,0.0035,0.9965
2025-07-15 16:20:08+00:00,0.0035,0.9965
2025-07-15 16:30:08+00:00,0.0035,0.9965
2025-07-15 16:40:09+00:00,0.0035,0.9965
2025-07-15 16:50:07+00:00,0.0035,0.9965
2025-07-15 17:00:08+00:00,0.0035,0.9965
2025-07-15 17:10:09+00:00,0.0035,0.9965
2025-07-15 17:20:08+00:00,0.0035,0.9965
2025-07-15 17:30:07+00:00,0.0035,0.9965
2025-07-15 17:40:08+00:00,0.0035,0.9965
2025-07-15 17:50:08+00:00,0.0035,0.9965
2025-07-15 18:00:08+00:00,0.0035,0.9965
2025-07-15 18:10:08+00:00,0.0035,0.9965
2025-07-15 18:20:07+00:00,0.0035,0.9965
2025-07-15 18:30:07+00:00,0.0035,0.9965
2025-07-15 18:40:07+00:00,0.0035,0.9965
2025-07-15 18:50:08+00:00,0.0035,0.9965
2025-07-15 19:00:07+00:00,0.0035,0.9965
2025-07-15 19:10:08+00:00,0.0035,0.9965
2025-07-15 19:20:09+00:00,0.0035,0.9965
2025-07-15 19:30:07+00:00,0.0035,0.9965
2025-07-15 19:40:07+00:00,0.0035,0.9965
2025-07-15 19:50:08+00:00,0.0035,0.9965
2025-07-15 20:00:08+00:00,0.0035,0.9965
2025-07-15 20:10:08+00:00,0.0035,0.9965
2025-07-15 20:20:08+00:00,0.0035,0.9965
2025-07-15 20:30:08+00:00,0.0035,0.9965
2025-07-15 20:40:07+00:00,0.0035,0.9965
2025-07-15 20:50:08+00:00,0.0035,0.9965
2025-07-15 21:00:08+00:00,0.0035,0.9965
2025-07-15 21:10:08+00:00,0.0035,0.9965
2025-07-15 21:20:09+00:00,0.0035,0.9965
2025-07-15 21:30:07+00:00,0.0035,0.9965
2025-07-15 21:40:08+00:00,0.0035,0.9965
2025-07-15 21:50:08+00:00,0.0035,0.9965
2025-07-15 22:00:08+00:00,0.0035,0.9965
2025-07-15 22:10:08+00:00,0.0035,0.9965
2025-07-15 22:20:08+00:00,0.0035,0.9965
2025-07-15 22:30:08+00:00,0.0035,0.9965
2025-07-15 22:40:08+00:00,0.0035,0.9965
2025-07-15 22:50:07+00:00,0.0035,0.9965
2025-07-15 23:00:08+00:00,0.0035,0.9965
2025-07-15 23:10:08+00:00,0.0035,0.9965
2025-07-15 23:20:08+00:00,0.0035,0.9965
2025-07-15 23:30:08+00:00,0.0035,0.9965
2025-07-15 23:40:07+00:00,0.0035,0.9965
2025-07-15 23:50:08+00:00,0.0035,0.9965
2025-07-16 00:00:08+00:00,0.0035,0.9965
2025-07-16 00:10:07+00:00,0.0035,0.9965
2025-07-16 00:20:08+00:00,0.0035,0.9965
2025-07-16 00:30:07+00:00,0.0035,0.9965
2025-07-16 00:40:08+00:00,0.0035,0.9965
2025-07-16 00:50:08+00:00,0.0035,0.9965
2025-07-16 01:00:08+00:00,0.0035,0.9965
2025-07-16 01:10:07+00:00,0.0035,0.9965
2025-07-16 01:20:07+00:00,0.0035,0.9965
2025-07-16 01:30:08+00:00,0.0035,0.9965
2025-07-16 01:40:08+00:00,0.0035,0.9965
2025-07-16 01:50:08+00:00,0.0035,0.9965
2025-07-16 02:00:08+00:00,0.0035,0.9965
2025-07-16 02:10:08+00:00,0.0035,0.9965
2025-07-16 02:20:08+00:00,0.0035,0.9965
2025-07-16 02:30:07+00:00,0.0035,0.9965
2025-07-16 02:40:07+00:00,0.0035,0.9965
2025-07-16 02:50:07+00:00,0.0035,0.9965
2025-07-16 03:00:08+00:00,0.0035,0.9965
2025-07-16 03:10:08+00:00,0.0035,0.9965
2025-07-16 03:20:07+00:00,0.0035,0.9965
2025-07-16 03:30:07+00:00,0.0035,0.9965
2025-07-16 03:40:07+00:00,0.0035,0.9965
2025-07-16 03:50:07+00:00,0.0035,0.9965
2025-07-16 04:00:08+00:00,0.0035,0.9965
2025-07-16 04:10:07+00:00,0.0035,0.9965
2025-07-16 04:20:07+00:00,0.0035,0.9965
2025-07-16 04:30:07+00:00,0.0035,0.9965
2025-07-16 04:40:08+00:00,0.0035,0.9965
2025-07-16 04:50:07+00:00,0.0035,0.9965
2025-07-16 05:00:08+00:00,0.0035,0.9965
2025-07-16 05:10:08+00:00,0.0035,0.9965
2025-07-16 05:20:09+00:00,0.0035,0.9965
2025-07-16 05:30:08+00:00,0.0035,0.9965
2025-07-16 05:40:08+00:00,0.0035,0.9965
2025-07-16 05:50:07+00:00,0.0035,0.9965
2025-07-16 06:00:07+00:00,0.003,0.997
2025-07-16 06:10:07+00:00,0.003,0.997
2025-07-16 06:20:08+00:00,0.003,0.997
2025-07-16 06:30:08+00:00,0.003,0.997
2025-07-16 06:40:08+00:00,0.003,0.997
2025-07-16 06:50:08+00:00,0.003,0.997
2025-07-16 07:00:08+00:00,0.003,0.997
2025-07-16 07:10:07+00:00,0.003,0.997
2025-07-16 07:20:07+00:00,0.003,0.997
2025-07-16 07:30:08+00:00,0.0045,0.9955
2025-07-16 07:40:07+00:00,0.0045,0.9955
2025-07-16 07:50:08+00:00,0.005,0.995
2025-07-16 08:00:08+00:00,0.005,0.995
2025-07-16 08:10:08+00:00,0.005,0.995
2025-07-16 08:20:08+00:00,0.0045,0.9955
2025-07-16 08:30:07+00:00,0.0045,0.9955
2025-07-16 08:40:07+00:00,0.0055,0.9945
2025-07-16 08:50:08+00:00,0.006,0.994
2025-07-16 09:00:08+00:00,0.0045,0.9955
2025-07-16 09:10:08+00:00,0.005,0.995
2025-07-16 09:20:08+00:00,0.0045,0.9955
2025-07-16 09:30:08+00:00,0.004,0.996
2025-07-16 09:40:08+00:00,0.004,0.996
2025-07-16 09:48:08+00:00,0.004,0.996
